Location;Date;T_med_ifapa;Rad_ifapa;Pp_ifapa;Dias_ultima_pp;Pp_acumulada_7
nacimiento;01/01/2022;14;10.7;0;NA;0
nacimiento;02/01/2022;13.6;10.8;0;1;0
nacimiento;03/01/2022;13.8;10.7;0;2;0
nacimiento;04/01/2022;11.5;9.5;0;3;0
nacimiento;05/01/2022;5.8;9.4;2.4;0;2.4
nacimiento;06/01/2022;5.7;10.6;0.6;0;3
nacimiento;07/01/2022;6.5;10.9;0;1;3
nacimiento;08/01/2022;7.1;9.2;0;2;3
nacimiento;09/01/2022;10.7;4.4;0;3;3
nacimiento;10/01/2022;11.8;10.6;0;4;3
nacimiento;11/01/2022;8;10.3;0;5;3
nacimiento;12/01/2022;6.1;11;0;6;3
nacimiento;13/01/2022;4.3;7;0;7;0.6
nacimiento;14/01/2022;3.9;4.9;1.2;0;0
nacimiento;15/01/2022;3.3;10.9;0.2;0;1.2
nacimiento;16/01/2022;4.1;11.1;0.1;0;1.4
nacimiento;17/01/2022;4.3;11.3;0;1;1.5
nacimiento;18/01/2022;3.6;11.6;0;2;1.5
nacimiento;19/01/2022;3.3;11.5;0;3;1.5
nacimiento;20/01/2022;3.7;10.9;0;4;1.5
nacimiento;21/01/2022;3.8;11.5;0;5;1.5
nacimiento;22/01/2022;5.3;9.2;0;6;0.3
nacimiento;23/01/2022;5.2;5.4;0;7;0.1
nacimiento;24/01/2022;5.1;10.8;0;8;0
nacimiento;25/01/2022;5.5;3.2;0;9;0
nacimiento;26/01/2022;5.5;1.2;10.1;0;0
nacimiento;27/01/2022;6.4;6.7;0;1;10.1
nacimiento;28/01/2022;6.3;12.5;0;2;10.1
nacimiento;29/01/2022;7.7;13;0;3;10.1
nacimiento;30/01/2022;9;11.7;0;4;10.1
nacimiento;31/01/2022;11.2;12.1;0;5;10.1
nacimiento;01/02/2022;8.5;13.4;0;6;10.1
nacimiento;02/02/2022;11.4;13.8;0;7;10.1
nacimiento;03/02/2022;13.5;11.7;0;8;0
nacimiento;04/02/2022;13.8;11.9;0;9;0
nacimiento;05/02/2022;10.6;7.6;0;10;0
nacimiento;06/02/2022;7.8;8.3;0;11;0
nacimiento;07/02/2022;8.5;14.1;0;12;0
nacimiento;08/02/2022;7.9;14.4;0;13;0
nacimiento;09/02/2022;6.2;14.5;0;14;0
nacimiento;10/02/2022;7.3;14.6;0;15;0
nacimiento;11/02/2022;9.5;13.1;0;16;0
nacimiento;12/02/2022;5.5;14.3;0;17;0
nacimiento;13/02/2022;7.2;10.9;0;18;0
nacimiento;14/02/2022;9.3;14.8;0;19;0
nacimiento;15/02/2022;8.2;16;0;20;0
nacimiento;16/02/2022;11.3;15.5;0;21;0
nacimiento;17/02/2022;12.6;16.1;0;22;0
nacimiento;18/02/2022;13.4;16;0;23;0
nacimiento;19/02/2022;10.3;12.9;0.1;0;0
nacimiento;20/02/2022;8.3;10.1;0.7;0;0.1
nacimiento;21/02/2022;10.8;15.3;0;1;0.8
nacimiento;22/02/2022;11.2;17.1;0;2;0.8
nacimiento;23/02/2022;10.6;9.5;0;3;0.8
nacimiento;24/02/2022;11.9;13.2;3.6;0;0.8
nacimiento;25/02/2022;8.7;10.4;4.7;0;4.4
nacimiento;26/02/2022;6.5;2.8;4.1;0;9.1
nacimiento;27/02/2022;6;5.4;0.4;0;13.1
nacimiento;28/02/2022;6.5;9.5;0;1;12.8
nacimiento;01/03/2022;9.3;15.9;0;2;12.8
nacimiento;02/03/2022;10.9;17.1;0;3;12.8
nacimiento;03/03/2022;10.5;11.5;2;0;12.8
nacimiento;04/03/2022;5.1;3.5;2.4;0;11.2
nacimiento;05/03/2022;5.6;5.8;8.6;0;8.9
nacimiento;06/03/2022;5.7;8.9;0.5;0;13.4
nacimiento;07/03/2022;6;7.4;0.2;0;13.5
nacimiento;08/03/2022;6.7;10.9;0;1;13.7
nacimiento;09/03/2022;7.7;17.9;0;2;13.7
nacimiento;10/03/2022;8.6;17.2;0;3;13.7
nacimiento;11/03/2022;9;8.1;0.9;0;11.7
nacimiento;12/03/2022;9.7;18.4;0;1;10.2
nacimiento;13/03/2022;10.7;13.4;0.1;0;1.6
nacimiento;14/03/2022;11.5;8.3;1.8;0;1.2
nacimiento;15/03/2022;13.8;1.5;0.1;0;2.8
nacimiento;16/03/2022;8.4;2.5;29.3;0;2.9
nacimiento;17/03/2022;8.9;6.9;2.9;0;32.2
nacimiento;18/03/2022;8.9;5.3;0.2;0;35.1
nacimiento;19/03/2022;8.3;6.5;0;1;34.4
nacimiento;20/03/2022;8.2;6.6;4.2;0;34.4
nacimiento;21/03/2022;8.1;7.8;26;0;38.5
nacimiento;22/03/2022;9.2;14.2;0.1;0;62.7
nacimiento;23/03/2022;8.6;3;17.9;0;62.7
nacimiento;24/03/2022;8.6;3.3;25.4;0;51.3
nacimiento;25/03/2022;6.8;2.5;33.8;0;73.8
nacimiento;26/03/2022;7.2;3;21.5;0;107.4
nacimiento;27/03/2022;8.4;14.1;0.1;0;128.9
nacimiento;28/03/2022;9.8;12.5;0;1;124.8
nacimiento;29/03/2022;11.7;12.3;1.3;0;98.8
nacimiento;30/03/2022;9.3;9.6;3.8;0;100
nacimiento;31/03/2022;8.6;13.6;1.9;0;85.9
nacimiento;01/04/2022;8.7;18.3;0;1;62.4
nacimiento;02/04/2022;6.8;19.2;0;2;28.6
nacimiento;03/04/2022;4.9;15.3;0;3;7.1
nacimiento;04/04/2022;4.5;4.2;1.7;0;7
nacimiento;05/04/2022;3.3;2.3;34.4;0;8.7
nacimiento;06/04/2022;6.5;11.7;0.1;0;41.8
nacimiento;07/04/2022;11.4;21.5;0;1;38.1
nacimiento;08/04/2022;14;21;0;2;36.2
nacimiento;09/04/2022;14.2;22.4;0;3;36.2
nacimiento;10/04/2022;14.4;23.8;0;4;36.2
nacimiento;11/04/2022;15.7;22;2.6;0;36.2
nacimiento;12/04/2022;10.6;10.1;7.6;0;37.1
nacimiento;13/04/2022;9.8;12.9;0.7;0;10.3
nacimiento;14/04/2022;12.7;10.4;0;1;10.9
nacimiento;15/04/2022;14.8;19.5;0;2;10.9
nacimiento;16/04/2022;17;24.4;0;3;10.9
nacimiento;17/04/2022;18;25.4;0;4;10.9
nacimiento;18/04/2022;16.3;21.6;0;5;10.9
nacimiento;19/04/2022;15;20.8;0;6;8.3
nacimiento;20/04/2022;6.8;16.4;2.8;0;0.7
nacimiento;21/04/2022;10.8;26.2;0;1;2.8
nacimiento;22/04/2022;10.6;15.8;0.5;0;2.8
nacimiento;23/04/2022;8.1;20.9;2.9;0;3.3
nacimiento;24/04/2022;11.9;25.7;0;1;6.2
nacimiento;25/04/2022;13.4;26.9;0;2;6.2
nacimiento;26/04/2022;13.3;19;0;3;6.2
nacimiento;27/04/2022;10.5;6.5;3.6;0;6.2
nacimiento;28/04/2022;9.4;10.1;7.1;0;7
nacimiento;29/04/2022;12.2;19.3;0;1;14.1
nacimiento;30/04/2022;13.8;22.5;0;2;13.6
nacimiento;01/05/2022;17.2;20.8;0.1;0;10.7
nacimiento;02/05/2022;15.8;18.1;0.1;0;10.8
nacimiento;03/05/2022;11;10.8;2.6;0;10.9
nacimiento;04/05/2022;9.4;3.5;45.7;0;13.5
nacimiento;05/05/2022;12.7;13.7;0;1;55.6
nacimiento;06/05/2022;16.8;26;0;2;48.5
nacimiento;07/05/2022;16;28.4;0;3;48.5
nacimiento;08/05/2022;16.3;27.3;0;4;48.5
nacimiento;09/05/2022;16.6;28.1;0;5;48.4
nacimiento;10/05/2022;16;28.3;0;6;48.3
nacimiento;11/05/2022;16.8;28.6;0;7;45.7
nacimiento;12/05/2022;17.5;25.7;0;8;0
nacimiento;13/05/2022;19.5;20.1;0;9;0
nacimiento;14/05/2022;19.4;25.5;0;10;0
nacimiento;15/05/2022;20.4;26.5;0;11;0
nacimiento;16/05/2022;19.9;28.6;0;12;0
nacimiento;17/05/2022;21.7;28.4;0;13;0
nacimiento;18/05/2022;22.8;27.6;0;14;0
nacimiento;19/05/2022;23.1;28.1;0;15;0
nacimiento;20/05/2022;24.6;26.8;0;16;0
nacimiento;21/05/2022;25;20.2;0;17;0
nacimiento;22/05/2022;24.1;22.3;0;18;0
nacimiento;23/05/2022;22.1;28.7;0;19;0
nacimiento;24/05/2022;20.7;27.9;0;20;0
nacimiento;25/05/2022;15.9;29.5;0;21;0
nacimiento;26/05/2022;15.3;29.3;0;22;0
nacimiento;27/05/2022;19.2;29.5;0;23;0
nacimiento;28/05/2022;20.7;22.2;0.4;0;0
nacimiento;29/05/2022;22.6;23.3;0;1;0.4
nacimiento;30/05/2022;19.8;26.6;0;2;0.4
nacimiento;31/05/2022;21.4;28.8;0;3;0.4
nacimiento;01/06/2022;24.1;17.8;0;4;0.4
nacimiento;02/06/2022;21.6;21.5;0;5;0.4
nacimiento;03/06/2022;20.9;28.4;0;6;0.4
nacimiento;04/06/2022;20.7;29;0;7;0.4
nacimiento;05/06/2022;20;24.8;0;8;0
nacimiento;06/06/2022;22.2;29;0;9;0
nacimiento;07/06/2022;23.9;29.3;0;10;0
nacimiento;08/06/2022;24.9;27.2;0;11;0
nacimiento;09/06/2022;23.8;28.6;0;12;0
nacimiento;10/06/2022;22.9;28.8;0;13;0
nacimiento;11/06/2022;23;28.7;0;14;0
nacimiento;12/06/2022;25.1;28.1;0;15;0
nacimiento;13/06/2022;26.7;26.5;0;16;0
nacimiento;14/06/2022;27.4;20.1;0;17;0
nacimiento;15/06/2022;26.6;22.4;0;18;0
nacimiento;16/06/2022;27.9;27.4;0;19;0
nacimiento;17/06/2022;27.6;29.2;0;20;0
nacimiento;18/06/2022;27.2;27.3;0;21;0
nacimiento;19/06/2022;25.6;27.8;0;22;0
nacimiento;20/06/2022;27.4;22.6;0;23;0
nacimiento;21/06/2022;22.2;15.7;1.8;0;0
nacimiento;22/06/2022;19.7;29.5;0;1;1.8
nacimiento;23/06/2022;20.1;29.3;0;2;1.8
nacimiento;24/06/2022;20.7;28;0;3;1.8
nacimiento;25/06/2022;22.3;28.9;0;4;1.8
nacimiento;26/06/2022;23;28.2;0;5;1.8
nacimiento;27/06/2022;22.1;28.8;0;6;1.8
nacimiento;28/06/2022;20.4;28;0;7;1.8
nacimiento;29/06/2022;22;27.8;0;8;0
nacimiento;30/06/2022;23.2;27.4;0;9;0
nacimiento;01/07/2022;21.7;27.6;0;10;0
nacimiento;02/07/2022;21.9;26.1;0;11;0
nacimiento;03/07/2022;24.4;25.4;0;12;0
nacimiento;04/07/2022;26.3;24;0;13;0
nacimiento;05/07/2022;26.8;21.6;0;14;0
nacimiento;06/07/2022;23.7;27.7;0;15;0
nacimiento;07/07/2022;22.7;28;0;16;0
nacimiento;08/07/2022;22.7;28;0;17;0
nacimiento;09/07/2022;23.7;28.5;0;18;0
nacimiento;10/07/2022;24.5;28;0;19;0
nacimiento;11/07/2022;24.6;28.5;0;20;0
nacimiento;12/07/2022;25;28.6;0;21;0
nacimiento;13/07/2022;25.9;27.5;0;22;0
nacimiento;14/07/2022;26.8;27.4;0;23;0
nacimiento;15/07/2022;25.6;27.7;0;24;0
nacimiento;16/07/2022;25.2;27.9;0;25;0
nacimiento;17/07/2022;24.9;28.1;0;26;0
nacimiento;18/07/2022;25.5;27;0;27;0
nacimiento;19/07/2022;25.5;26.3;0;28;0
nacimiento;20/07/2022;25.8;27.3;0;29;0
nacimiento;21/07/2022;24.8;27;0;30;0
nacimiento;22/07/2022;25.9;26.1;0;31;0
nacimiento;23/07/2022;27.9;26.7;0;32;0
nacimiento;24/07/2022;29.3;26.7;0;33;0
nacimiento;25/07/2022;30.8;20.7;0;34;0
nacimiento;26/07/2022;28;26.8;0;35;0
nacimiento;27/07/2022;25.8;26.6;0;36;0
nacimiento;28/07/2022;25.6;27;0;37;0
nacimiento;29/07/2022;26.3;26.2;0;38;0
nacimiento;30/07/2022;24.5;11;0;39;0
nacimiento;31/07/2022;25.2;26.1;0;40;0
nacimiento;01/08/2022;24.7;25.8;0;41;0
nacimiento;02/08/2022;25.3;25.5;0;42;0
nacimiento;03/08/2022;25.9;25.9;0;43;0
nacimiento;04/08/2022;26;26.2;0;44;0
nacimiento;05/08/2022;25.4;26.2;0;45;0
nacimiento;06/08/2022;24.7;26.4;0;46;0
nacimiento;07/08/2022;24.2;26.3;0;47;0
nacimiento;08/08/2022;24.3;24.6;0;48;0
nacimiento;09/08/2022;24.7;18.9;0;49;0
nacimiento;10/08/2022;25.6;24.5;0;50;0
nacimiento;11/08/2022;25.7;24.8;0;51;0
nacimiento;12/08/2022;26.5;17.6;0;52;0
nacimiento;13/08/2022;28;20.5;0.1;0;0
nacimiento;14/08/2022;27.8;21.4;0;1;0.1
nacimiento;15/08/2022;25;25.4;0;2;0.1
nacimiento;16/08/2022;24;22.3;0;3;0.1
nacimiento;17/08/2022;22.6;24.3;0;4;0.1
nacimiento;18/08/2022;21.8;24.8;0;5;0.1
nacimiento;19/08/2022;22;24.7;0;6;0.1
nacimiento;20/08/2022;23.2;24.5;0;7;0.1
nacimiento;21/08/2022;26.7;25.2;0;8;0
nacimiento;22/08/2022;26.4;24.3;0;9;0
nacimiento;23/08/2022;24;23.8;0;10;0
nacimiento;24/08/2022;24.2;20.6;0;11;0
nacimiento;25/08/2022;24;23.8;0;12;0
nacimiento;26/08/2022;22.6;23.4;0;13;0
nacimiento;27/08/2022;22.5;23.7;0;14;0
nacimiento;28/08/2022;23.5;22.9;0;15;0
nacimiento;29/08/2022;23.6;6.1;0.9;0;0
nacimiento;30/08/2022;25.5;16.4;2.1;0;0.9
nacimiento;31/08/2022;22;15.9;4.7;0;3
nacimiento;01/09/2022;23.7;15.4;0;1;7.7
nacimiento;02/09/2022;24.7;15.5;0;2;7.7
nacimiento;03/09/2022;22.8;9.5;0.2;0;7.7
nacimiento;04/09/2022;22.5;20.4;0;1;7.9
nacimiento;05/09/2022;23.3;22.9;0;2;7.9
nacimiento;06/09/2022;23.1;22.6;0;3;7
nacimiento;07/09/2022;23.8;21.2;0;4;4.9
nacimiento;08/09/2022;23.1;22.8;0;5;0.2
nacimiento;09/09/2022;23.7;21.8;0;6;0.2
nacimiento;10/09/2022;23.5;21.1;0;7;0.2
nacimiento;11/09/2022;24.3;20.8;0;8;0
nacimiento;12/09/2022;24;9.5;1.2;0;0
nacimiento;13/09/2022;21.8;13.7;1.4;0;1.2
nacimiento;14/09/2022;20.7;15.6;0;1;2.6
nacimiento;15/09/2022;19.8;16.1;0;2;2.6
nacimiento;16/09/2022;20.2;18.9;0;3;2.6
nacimiento;17/09/2022;20.4;20.9;0;4;2.6
nacimiento;18/09/2022;20.1;19.1;0;5;2.6
nacimiento;19/09/2022;18.6;19.7;0;6;2.6
nacimiento;20/09/2022;19.4;18.2;0;7;1.4
nacimiento;21/09/2022;17.5;10.1;4.5;0;0
nacimiento;22/09/2022;18.4;19;0.1;0;4.5
nacimiento;23/09/2022;18.6;18.8;0;1;4.6
nacimiento;24/09/2022;20.6;17.4;0;2;4.6
nacimiento;25/09/2022;17.5;15;0;3;4.6
nacimiento;26/09/2022;15.9;18.4;0;4;4.6
nacimiento;27/09/2022;17;19.9;0;5;4.6
nacimiento;28/09/2022;17.9;19.8;0;6;4.6
nacimiento;29/09/2022;16;15.3;0.7;0;0.1
nacimiento;30/09/2022;14;19.8;0;1;0.7
nacimiento;01/10/2022;14.1;19.1;0;2;0.7
nacimiento;02/10/2022;17.6;15.9;0;3;0.7
nacimiento;03/10/2022;21.8;13.8;0;4;0.7
nacimiento;04/10/2022;19.9;16.4;0;5;0.7
nacimiento;05/10/2022;16.6;13.4;0.8;0;0.7
nacimiento;06/10/2022;15.2;11.1;0.1;0;1.5
nacimiento;07/10/2022;15.7;16.4;0.2;0;0.9
nacimiento;08/10/2022;16.5;16.1;0;1;1.1
nacimiento;09/10/2022;16.5;12.3;0;2;1.1
nacimiento;10/10/2022;15.5;9.4;0.2;0;1.1
nacimiento;11/10/2022;14.4;8.3;1.2;0;1.3
nacimiento;12/10/2022;14.7;12.4;0.1;0;2.5
nacimiento;13/10/2022;15.2;16.2;0;1;1.8
nacimiento;14/10/2022;17.1;17;0;2;1.7
nacimiento;15/10/2022;19.4;16.1;0;3;1.5
nacimiento;16/10/2022;19.3;12;0;4;1.5
nacimiento;17/10/2022;20.8;16.7;0;5;1.5
nacimiento;18/10/2022;21.4;14.5;0;6;1.3
nacimiento;19/10/2022;22.5;10.3;0;7;0.1
nacimiento;20/10/2022;21.2;8.7;0;8;0
nacimiento;21/10/2022;22;10.2;0;9;0
nacimiento;22/10/2022;22.4;13.1;0;10;0
nacimiento;23/10/2022;21.6;11.9;0;11;0
nacimiento;24/10/2022;19.9;13.4;0;12;0
nacimiento;25/10/2022;21.2;9.4;0;13;0
nacimiento;26/10/2022;21.1;9.4;0;14;0
nacimiento;27/10/2022;19.6;14.1;0;15;0
nacimiento;28/10/2022;18.3;13.3;0;16;0
nacimiento;29/10/2022;16.4;12.8;0;17;0
nacimiento;30/10/2022;15.9;11.7;0;18;0
nacimiento;31/10/2022;18.1;8.1;0;19;0
nacimiento;01/11/2022;17.9;12.8;0;20;0
nacimiento;02/11/2022;14.8;12.9;0;21;0
nacimiento;03/11/2022;14.4;7.5;0;22;0
nacimiento;04/11/2022;15.6;12.3;0;23;0
nacimiento;05/11/2022;12.9;13.8;0;24;0
nacimiento;06/11/2022;15.2;13.5;0;25;0
nacimiento;07/11/2022;13.8;13.1;0;26;0
nacimiento;08/11/2022;15;12.2;0;27;0
nacimiento;09/11/2022;13.5;8;0.9;0;0
nacimiento;10/11/2022;11.6;12.5;0.9;0;0.9
nacimiento;11/11/2022;11.6;6.9;0;1;1.8
nacimiento;12/11/2022;14;10.6;0;2;1.8
nacimiento;13/11/2022;12;11.9;0;3;1.8
nacimiento;14/11/2022;14.1;11.8;0;4;1.8
nacimiento;15/11/2022;13.5;5.6;0;5;1.8
nacimiento;16/11/2022;13.8;3;0.1;0;1.8
nacimiento;17/11/2022;15.1;11.2;0;1;1
nacimiento;18/11/2022;9.8;3.1;5;0;0.1
nacimiento;19/11/2022;6.2;9.4;0;1;5.1
nacimiento;20/11/2022;9.6;12.3;0;2;5.1
nacimiento;21/11/2022;12.4;8.1;0.7;0;5.1
nacimiento;22/11/2022;10.1;8.4;0;1;5.8
nacimiento;23/11/2022;13.9;10.5;0;2;5.8
nacimiento;24/11/2022;12.6;11.8;0;3;5.7
nacimiento;25/11/2022;12;7.7;0;4;5.7
nacimiento;26/11/2022;9.4;11.9;0;5;0.7
nacimiento;27/11/2022;12.1;10.3;0;6;0.7
nacimiento;28/11/2022;9.5;11.4;0;7;0.7
nacimiento;29/11/2022;7.3;11.4;0;8;0
nacimiento;30/11/2022;7.1;10.6;0;9;0
nacimiento;01/12/2022;6.2;7.1;0.1;0;0
nacimiento;02/12/2022;6.1;6;0;1;0.1
nacimiento;03/12/2022;5.9;8.8;0;2;0.1
nacimiento;04/12/2022;7.4;4.6;0.1;0;0.1
nacimiento;05/12/2022;10.3;8.9;4.8;0;0.2
nacimiento;06/12/2022;9.7;6.7;2.9;0;5
nacimiento;07/12/2022;8.7;7.9;0;1;7.9
nacimiento;08/12/2022;11.3;6.9;0;2;7.9
nacimiento;09/12/2022;9;2.3;29.5;0;7.8
nacimiento;10/12/2022;9.6;9.1;0;1;37.3
nacimiento;11/12/2022;11.7;7.2;1;0;37.3
nacimiento;12/12/2022;13.6;9.5;0;1;38.2
nacimiento;13/12/2022;15.9;10.1;0;2;33.4
nacimiento;14/12/2022;12.6;3.5;9;0;30.5
nacimiento;15/12/2022;7.9;6.7;5.9;0;39.5
nacimiento;16/12/2022;7.8;6.7;0;1;45.4
nacimiento;17/12/2022;8;9.8;0;2;15.9
nacimiento;18/12/2022;7;10.3;0;3;15.9
nacimiento;19/12/2022;7.1;10.2;0;4;14.9
nacimiento;20/12/2022;11.6;8.5;0;5;14.9
nacimiento;21/12/2022;11;7.5;0;6;14.9
nacimiento;22/12/2022;12.4;10.4;0;7;5.9
nacimiento;23/12/2022;12.8;10.4;0;8;0
nacimiento;24/12/2022;13.2;10.7;0;9;0
nacimiento;25/12/2022;12.3;10.5;0;10;0
nacimiento;26/12/2022;11;9.7;0;11;0
nacimiento;27/12/2022;10.3;10.7;0;12;0
nacimiento;28/12/2022;9.1;10.7;0;13;0
nacimiento;29/12/2022;9.5;10;0;14;0
nacimiento;30/12/2022;10.5;10.2;0;15;0
nacimiento;31/12/2022;11;10;0;16;0
nacimiento;01/01/2023;9.9;10;0;17;0
nacimiento;02/01/2023;11.8;9.5;0;18;0
nacimiento;03/01/2023;9.8;10.1;0;19;0
nacimiento;04/01/2023;7.4;10.7;0;20;0
nacimiento;05/01/2023;5.1;9.4;0;21;0
nacimiento;06/01/2023;6.8;11;0.1;0;0
nacimiento;07/01/2023;8.3;11.3;0;1;0.1
nacimiento;08/01/2023;11.8;8.1;0;2;0.1
nacimiento;09/01/2023;11.9;10.4;0;3;0.1
nacimiento;10/01/2023;11.5;11.4;0;4;0.1
nacimiento;11/01/2023;10;11.4;0;5;0.1
nacimiento;12/01/2023;7.7;11;0;6;0.1
nacimiento;13/01/2023;9.1;11.4;0;7;0.1
nacimiento;14/01/2023;8;11.9;0;8;0
nacimiento;15/01/2023;10.1;11;0;9;0
nacimiento;16/01/2023;7;10.1;0;10;0
nacimiento;17/01/2023;8.8;8.9;0;11;0
nacimiento;18/01/2023;2.3;3.9;2.9;0;0
nacimiento;19/01/2023;3.5;12.3;0;1;2.9
nacimiento;20/01/2023;8.4;10.3;0;2;2.9
nacimiento;21/01/2023;7.6;7.9;0;3;2.9
nacimiento;22/01/2023;2.2;12.9;0;4;2.9
nacimiento;23/01/2023;0.8;12.8;0;5;2.9
nacimiento;24/01/2023;-0.1;9.4;0;6;2.9
nacimiento;25/01/2023;2.1;10.4;1.3;0;2.9
nacimiento;26/01/2023;2.2;10.7;0;1;1.3
nacimiento;27/01/2023;2.4;12.7;0;2;1.3
nacimiento;28/01/2023;1.6;13.5;0;3;1.3
nacimiento;29/01/2023;1.8;13.5;0;4;1.3
nacimiento;30/01/2023;1;7.9;0;5;1.3
nacimiento;31/01/2023;3.7;14.1;0;6;1.3
nacimiento;01/02/2023;4.7;13.9;0;7;1.3
nacimiento;02/02/2023;4.2;13.8;0;8;0
nacimiento;03/02/2023;6;14.2;0;9;0
nacimiento;04/02/2023;7.3;14.5;0;10;0
nacimiento;05/02/2023;7.9;14.5;0;11;0
nacimiento;06/02/2023;5.1;13.1;0;12;0
nacimiento;07/02/2023;3.7;4.9;2.4;0;0
nacimiento;08/02/2023;4.2;4.1;1;0;2.4
nacimiento;09/02/2023;4.3;8.3;0;1;3.4
nacimiento;10/02/2023;2.4;5.1;0;2;3.4
nacimiento;11/02/2023;3.5;7.8;0.2;0;3.4
nacimiento;12/02/2023;5.2;11.8;0;1;3.6
nacimiento;13/02/2023;4.9;15.4;0;2;3.6
nacimiento;14/02/2023;5.4;7.3;0;3;3.6
nacimiento;15/02/2023;5.8;6.1;0;4;1.2
nacimiento;16/02/2023;6.5;10.5;0;5;0.2
nacimiento;17/02/2023;6;5.1;0.8;0;0.2
nacimiento;18/02/2023;8.5;8.6;0;1;1
nacimiento;19/02/2023;9.7;12.9;0;2;0.8
nacimiento;20/02/2023;11.6;15;0;3;0.8
nacimiento;21/02/2023;11.8;10.2;2.8;0;0.8
nacimiento;22/02/2023;10.4;15.1;0;1;3.6
nacimiento;23/02/2023;8.6;14.8;0;2;3.6
nacimiento;24/02/2023;4.6;10.3;0;3;3.6
nacimiento;25/02/2023;3.7;15;0.2;0;2.8
nacimiento;26/02/2023;4.7;11.8;2.4;0;3
nacimiento;27/02/2023;3.6;17.4;0;1;5.4
nacimiento;28/02/2023;3.5;18.5;0;2;5.4
nacimiento;01/03/2023;4.1;18.4;0;3;2.6
nacimiento;02/03/2023;3.6;18.7;0;4;2.6
nacimiento;03/03/2023;6.2;18.6;0;5;2.6
nacimiento;04/03/2023;5.2;18.7;0;6;2.6
nacimiento;05/03/2023;7.9;13.9;0.4;0;2.4
nacimiento;06/03/2023;9.6;14.1;0.6;0;0.4
nacimiento;07/03/2023;11.3;18.5;0;1;1
nacimiento;08/03/2023;14.1;18.9;0;2;1
nacimiento;09/03/2023;13.1;13.2;0;3;1
nacimiento;10/03/2023;14.2;17.4;0;4;1
nacimiento;11/03/2023;15.7;20.4;0;5;1
nacimiento;12/03/2023;15.5;20;0;6;1
nacimiento;13/03/2023;17;19.5;0;7;0.6
nacimiento;14/03/2023;14;21.1;0;8;0
nacimiento;15/03/2023;12.9;20.9;0;9;0
nacimiento;16/03/2023;14;21;0;10;0
nacimiento;17/03/2023;12.8;17.8;0;11;0
nacimiento;18/03/2023;10.8;13.3;0;12;0
nacimiento;19/03/2023;9.7;15.1;0;13;0
nacimiento;20/03/2023;10.4;22;0;14;0
nacimiento;21/03/2023;12.3;21.4;0;15;0
nacimiento;22/03/2023;13.8;22.2;0;16;0
nacimiento;23/03/2023;15.2;22.4;0;17;0
nacimiento;24/03/2023;16.6;21.1;0;18;0
nacimiento;25/03/2023;16;22.4;0;19;0
nacimiento;26/03/2023;17.2;15.5;0;20;0
nacimiento;27/03/2023;13.8;19.2;0;21;0
nacimiento;28/03/2023;12.6;22.8;0;22;0
nacimiento;29/03/2023;14.8;23.3;0;23;0
nacimiento;30/03/2023;18.8;22.6;0;24;0
nacimiento;31/03/2023;18.6;21.4;0;25;0
nacimiento;01/04/2023;16.3;20.6;0;26;0
nacimiento;02/04/2023;13.7;23.5;0;27;0
nacimiento;03/04/2023;11.6;24.6;0;28;0
nacimiento;04/04/2023;10.4;20.1;0;29;0
nacimiento;05/04/2023;10.3;24.8;0;30;0
nacimiento;06/04/2023;10.9;22.7;0;31;0
nacimiento;07/04/2023;11.2;25.2;0;32;0
nacimiento;08/04/2023;15.3;25.4;0;33;0
nacimiento;09/04/2023;17.1;24.7;0;34;0
nacimiento;10/04/2023;19.9;23.5;0;35;0
nacimiento;11/04/2023;19.1;24.8;0;36;0
nacimiento;12/04/2023;18.4;25.2;0;37;0
nacimiento;13/04/2023;14.3;24.7;0;38;0
nacimiento;14/04/2023;15.2;23.9;0;39;0
nacimiento;15/04/2023;17.2;26.2;0;40;0
nacimiento;16/04/2023;14.3;26;0;41;0
nacimiento;17/04/2023;12.4;26.4;0;42;0
nacimiento;18/04/2023;12.3;26.3;0;43;0
nacimiento;19/04/2023;13.1;19.8;0;44;0
nacimiento;20/04/2023;15.6;25.9;0;45;0
nacimiento;21/04/2023;16.7;24.7;0;46;0
nacimiento;22/04/2023;15.3;17.1;0;47;0
nacimiento;23/04/2023;16.4;26.1;0;48;0
nacimiento;24/04/2023;18.2;26.6;0;49;0
nacimiento;25/04/2023;21.4;26.8;0;50;0
nacimiento;26/04/2023;21.7;27.1;0;51;0
nacimiento;27/04/2023;22.7;24.3;0;52;0
nacimiento;28/04/2023;23.5;15.7;0;53;0
nacimiento;29/04/2023;22.1;16.3;0.2;0;0
nacimiento;30/04/2023;18.3;16.4;1.6;0;0.2
nacimiento;01/05/2023;18.5;27;0;1;1.8
nacimiento;02/05/2023;18.4;23;0;2;1.8
nacimiento;03/05/2023;17.8;24;0;3;1.8
nacimiento;04/05/2023;18.8;21.7;0;4;1.8
nacimiento;05/05/2023;19.4;26.7;0;5;1.8
nacimiento;06/05/2023;19.1;22.3;0;6;1.8
nacimiento;07/05/2023;18.9;25;0;7;1.6
nacimiento;08/05/2023;21.4;26.2;0;8;0
nacimiento;09/05/2023;24.1;27.2;0;9;0
nacimiento;10/05/2023;18.7;24.5;0;10;0
nacimiento;11/05/2023;15.6;24.2;0;11;0
nacimiento;12/05/2023;14.6;25.8;0;12;0
nacimiento;13/05/2023;10.8;21.5;3.2;0;0
nacimiento;14/05/2023;14.2;23.9;0;1;3.2
nacimiento;15/05/2023;16.6;28.3;0;2;3.2
nacimiento;16/05/2023;16.6;28.7;0;3;3.2
nacimiento;17/05/2023;13.9;17;0;4;3.2
nacimiento;18/05/2023;12.8;21.4;0;5;3.2
nacimiento;19/05/2023;11;8.9;3.4;0;3.2
nacimiento;20/05/2023;12.5;22.7;0;1;6.6
nacimiento;21/05/2023;10.2;11.5;5.8;0;3.4
nacimiento;22/05/2023;8.6;2.4;45.6;0;9.2
nacimiento;23/05/2023;10.8;13.1;4.8;0;54.8
nacimiento;24/05/2023;11.9;17.3;3.8;0;59.6
nacimiento;25/05/2023;14.2;19.8;4.2;0;63.4
nacimiento;26/05/2023;15.2;27.3;0.2;0;67.6
nacimiento;27/05/2023;13.6;6.6;0.8;0;64.4
nacimiento;28/05/2023;13.4;12;5.6;0;65.2
nacimiento;29/05/2023;15.1;22.1;0;1;65
nacimiento;30/05/2023;14.5;16.8;1.2;0;19.4
nacimiento;31/05/2023;15.5;24.6;0.6;0;15.8
nacimiento;01/06/2023;14.9;17.8;7.2;0;12.6
nacimiento;02/06/2023;13.1;9.2;1;0;15.6
nacimiento;03/06/2023;14.3;20.9;0.2;0;16.4
nacimiento;04/06/2023;15.6;22.1;0.6;0;15.8
nacimiento;05/06/2023;17.3;24.1;0;1;10.8
nacimiento;06/06/2023;19.2;28;0;2;10.8
nacimiento;07/06/2023;16;3.8;4.4;0;9.6
nacimiento;08/06/2023;17.2;12.5;3;0;13.4
nacimiento;09/06/2023;19.1;27.6;0.2;0;9.2
nacimiento;10/06/2023;20.6;28.6;0;1;8.4
nacimiento;11/06/2023;22.3;27.1;0.2;0;8.2
nacimiento;12/06/2023;21.8;23.1;0;1;7.8
nacimiento;13/06/2023;21;28.5;0;2;7.8
nacimiento;14/06/2023;21;32.6;0;3;7.8
nacimiento;15/06/2023;22.8;32;0;4;3.4
nacimiento;16/06/2023;23.9;31.3;0;5;0.4
nacimiento;17/06/2023;24.7;30.9;0;6;0.2
nacimiento;18/06/2023;23;19.7;1.4;0;0.2
nacimiento;19/06/2023;22.7;28.1;0;1;1.4
nacimiento;20/06/2023;23.7;29.3;0;2;1.4
nacimiento;21/06/2023;22.7;21.9;1.2;0;1.4
nacimiento;22/06/2023;22.9;30.7;0;1;2.6
nacimiento;23/06/2023;23.8;30.5;0;2;2.6
nacimiento;24/06/2023;24.3;30.7;0;3;2.6
nacimiento;25/06/2023;26.3;30.5;0;4;2.6
nacimiento;26/06/2023;26.8;28;0;5;1.2
nacimiento;27/06/2023;27.2;29.3;0;6;1.2
nacimiento;28/06/2023;27;29;0;7;1.2
nacimiento;29/06/2023;28.4;27.5;0;8;0
nacimiento;30/06/2023;24.3;29.5;0;9;0
nacimiento;01/07/2023;23.3;29.2;0;10;0
nacimiento;02/07/2023;24.6;27.8;0;11;0
nacimiento;03/07/2023;25.8;30;0;12;0
nacimiento;04/07/2023;27.7;30.4;0;13;0
nacimiento;05/07/2023;26;27.6;0;14;0
nacimiento;06/07/2023;24.2;27.5;0;15;0
nacimiento;07/07/2023;24.4;29;0;16;0
nacimiento;08/07/2023;25.8;28.8;0;17;0
nacimiento;09/07/2023;28.6;27.2;0;18;0
nacimiento;10/07/2023;30.9;28.1;0;19;0
nacimiento;11/07/2023;30.7;19.4;0;20;0
nacimiento;12/07/2023;32.1;27.5;0;21;0
nacimiento;13/07/2023;27.4;29.6;0;22;0
nacimiento;14/07/2023;25.8;29.3;0;23;0
nacimiento;15/07/2023;29.2;29.4;0;24;0
nacimiento;16/07/2023;28.4;20.3;0;25;0
nacimiento;17/07/2023;30.3;29.5;0;26;0
nacimiento;18/07/2023;30.6;28.5;0;27;0
nacimiento;19/07/2023;31.9;20.5;0;28;0
nacimiento;20/07/2023;31.2;22.4;0;29;0
nacimiento;21/07/2023;28;20.9;0;30;0
nacimiento;22/07/2023;25;13;0;31;0
nacimiento;23/07/2023;27.2;19.8;0;32;0
nacimiento;24/07/2023;29.7;25.8;0;33;0
nacimiento;25/07/2023;27.2;29.6;0;34;0
nacimiento;26/07/2023;25.5;29.1;0;35;0
nacimiento;27/07/2023;24.6;28.2;0;36;0
nacimiento;28/07/2023;25.9;28.6;0;37;0
nacimiento;29/07/2023;27.7;28.1;0;38;0
nacimiento;30/07/2023;29.4;28.4;0;39;0
nacimiento;31/07/2023;29.2;29.2;0;40;0
nacimiento;01/08/2023;29.2;29.2;0;41;0
nacimiento;02/08/2023;29.6;29;0;42;0
nacimiento;03/08/2023;28.6;28.7;0;43;0
nacimiento;04/08/2023;24.7;28.5;0;44;0
nacimiento;05/08/2023;23.7;27.5;0;45;0
nacimiento;06/08/2023;26.4;28.6;0;46;0
nacimiento;07/08/2023;25.2;27.2;0;47;0
nacimiento;08/08/2023;25.5;21.4;0;48;0
nacimiento;09/08/2023;29.6;22.5;0;49;0
nacimiento;10/08/2023;33.8;25;0;50;0
nacimiento;11/08/2023;30.1;27.9;0;51;0
nacimiento;12/08/2023;26.6;27.4;0;52;0
nacimiento;13/08/2023;25.2;27.1;0;53;0
nacimiento;14/08/2023;25.4;26.5;0;54;0
nacimiento;15/08/2023;26.7;24.9;0;55;0
nacimiento;16/08/2023;26.7;24.4;0;56;0
nacimiento;17/08/2023;27.4;27.2;0;57;0
nacimiento;18/08/2023;28.7;24.6;0;58;0
nacimiento;19/08/2023;28.2;26.3;0;59;0
nacimiento;20/08/2023;28.7;26.5;0;60;0
nacimiento;21/08/2023;27;26;0;61;0
nacimiento;22/08/2023;27.1;26.2;0;62;0
nacimiento;23/08/2023;26.8;26.6;0;63;0
nacimiento;24/08/2023;27.2;26;0;64;0
nacimiento;25/08/2023;30.5;21.5;0;65;0
nacimiento;26/08/2023;28.9;14.1;0.4;0;0
nacimiento;27/08/2023;21.9;25.5;0;1;0.4
nacimiento;28/08/2023;21.7;26.1;0;2;0.4
nacimiento;29/08/2023;23.5;25.8;0;3;0.4
nacimiento;30/08/2023;21.5;22.1;0;4;0.4
nacimiento;31/08/2023;21.4;24.1;0;5;0.4
nacimiento;01/09/2023;22.3;22.7;0;6;0.4
nacimiento;02/09/2023;18.8;16.7;11.4;0;0.4
nacimiento;03/09/2023;17.1;3;44.6;0;11.4
nacimiento;04/09/2023;21;16.6;0;1;56
nacimiento;05/09/2023;21.5;22.1;0;2;56
nacimiento;06/09/2023;21.9;20.7;0;3;56
nacimiento;07/09/2023;21.6;21.6;0;4;56
nacimiento;08/09/2023;21.6;22.2;0;5;56
nacimiento;09/09/2023;21.8;22.5;0;6;56
nacimiento;10/09/2023;21.6;22.3;0;7;44.6
nacimiento;11/09/2023;21.1;15.3;0;8;0
nacimiento;12/09/2023;21.3;17.3;0;9;0
nacimiento;13/09/2023;20.4;17.6;0;10;0
nacimiento;14/09/2023;20.9;19.8;0;11;0
nacimiento;15/09/2023;20.9;16.4;0;12;0
nacimiento;16/09/2023;21.3;17;0.2;0;0
nacimiento;17/09/2023;20.8;21.2;7;0;0.2
nacimiento;18/09/2023;19.6;15.3;0;1;7.2
nacimiento;19/09/2023;17.8;16.3;0;2;7.2
nacimiento;20/09/2023;19.7;20.9;0;3;7.2
nacimiento;21/09/2023;20.1;21;0;4;7.2
nacimiento;22/09/2023;18.9;15.2;0;5;7.2
nacimiento;23/09/2023;17.4;21.7;0;6;7.2
nacimiento;24/09/2023;18.8;21.7;0;7;7
nacimiento;25/09/2023;19.7;21.5;0;8;0
nacimiento;26/09/2023;18.5;21.1;0;9;0
nacimiento;27/09/2023;18.6;20.8;0;10;0
nacimiento;28/09/2023;20.9;20.4;0;11;0
nacimiento;29/09/2023;21.8;20.2;0;12;0
nacimiento;30/09/2023;21.4;20.3;0;13;0
nacimiento;01/10/2023;21.6;20.4;0;14;0
nacimiento;02/10/2023;21;20.2;0;15;0
nacimiento;03/10/2023;21.1;19.6;0;16;0
nacimiento;04/10/2023;18.9;18.1;0;17;0
nacimiento;05/10/2023;20.1;19.3;0;18;0
nacimiento;06/10/2023;21.4;18.4;0;19;0
nacimiento;07/10/2023;21;18.1;0;20;0
nacimiento;08/10/2023;19.1;18.3;0;21;0
nacimiento;09/10/2023;17.3;17.7;0;22;0
nacimiento;10/10/2023;16.7;17.3;0;23;0
nacimiento;11/10/2023;17.1;17.9;0;24;0
nacimiento;12/10/2023;18.3;17.7;0;25;0
nacimiento;13/10/2023;19.8;16.9;0;26;0
nacimiento;14/10/2023;17.5;9.5;0.6;0;0
nacimiento;15/10/2023;17.8;17;0;1;0.6
nacimiento;16/10/2023;18.9;13;0;2;0.6
nacimiento;17/10/2023;20.9;11.6;0;3;0.6
nacimiento;18/10/2023;18.9;14.2;0;4;0.6
nacimiento;19/10/2023;17;13.2;17.6;0;0.6
nacimiento;20/10/2023;12.3;15.8;0.4;0;18.2
nacimiento;21/10/2023;12.1;16.2;0;1;18.6
nacimiento;22/10/2023;13.9;16.1;2.6;0;18
nacimiento;23/10/2023;14.7;8.8;0.8;0;20.6
nacimiento;24/10/2023;13;16.2;0;1;21.4
nacimiento;25/10/2023;15.9;12.5;0;2;21.4
nacimiento;26/10/2023;16.6;13;0;3;21.4
nacimiento;27/10/2023;14.8;10.1;0;4;3.8
nacimiento;28/10/2023;13.8;15.3;0;5;3.4
nacimiento;29/10/2023;14.1;13.4;0;6;3.4
nacimiento;30/10/2023;14.4;9.3;0;7;0.8
nacimiento;31/10/2023;12;5.8;0;8;0
nacimiento;01/11/2023;15;14;0;9;0
nacimiento;02/11/2023;15.9;11.5;0;10;0
nacimiento;03/11/2023;10.8;13.7;0;11;0
nacimiento;04/11/2023;14.2;13.8;0;12;0
nacimiento;05/11/2023;11.9;14.3;0;13;0
nacimiento;06/11/2023;9.8;11.6;0;14;0
nacimiento;07/11/2023;9.2;14.2;0;15;0
nacimiento;08/11/2023;9;11.9;0;16;0
nacimiento;09/11/2023;13.5;10.7;0;17;0
nacimiento;10/11/2023;14.1;3.5;0;18;0
nacimiento;11/11/2023;16.1;12.9;0;19;0
nacimiento;12/11/2023;16.3;12.3;0;20;0
nacimiento;13/11/2023;17;12.9;0;21;0
nacimiento;14/11/2023;17.4;12.6;0;22;0
nacimiento;15/11/2023;16.8;12.8;0;23;0
nacimiento;16/11/2023;17;9.8;0;24;0
nacimiento;17/11/2023;16;12.5;0;25;0
nacimiento;18/11/2023;13.9;12;0;26;0
nacimiento;19/11/2023;13.8;12.2;0;27;0
nacimiento;20/11/2023;15.9;12;0;28;0
nacimiento;21/11/2023;12.5;10;0;29;0
nacimiento;22/11/2023;7.7;12.1;0;30;0
nacimiento;23/11/2023;7.7;12;0;31;0
nacimiento;24/11/2023;10.8;12;0;32;0
nacimiento;25/11/2023;12.8;12;0;33;0
nacimiento;26/11/2023;11.2;11.8;0;34;0
nacimiento;27/11/2023;13.1;11.4;0;35;0
nacimiento;28/11/2023;14.2;9.3;0;36;0
nacimiento;29/11/2023;13.4;9.5;0;37;0
nacimiento;30/11/2023;15.6;9.1;0;38;0
nacimiento;01/12/2023;12;6.8;0.2;0;0
nacimiento;02/12/2023;7.2;10.9;0;1;0.2
nacimiento;03/12/2023;5.6;11;0;2;0.2
nacimiento;04/12/2023;9.2;3.8;1.8;0;0.2
nacimiento;05/12/2023;7;5.2;0.4;0;2
nacimiento;06/12/2023;8;2.2;2.4;0;2.4
nacimiento;07/12/2023;12.7;8.5;0.2;0;4.8
nacimiento;08/12/2023;10.9;5.6;0.4;0;5
nacimiento;09/12/2023;12.2;8.5;0;1;5.2
nacimiento;10/12/2023;14.6;10.7;0;2;5.2
nacimiento;11/12/2023;19.5;10;0;3;5.2
nacimiento;12/12/2023;17.5;10.2;0;4;3.4
nacimiento;13/12/2023;10.8;4.9;0;5;3
nacimiento;14/12/2023;6.7;10.7;0;6;0.6
nacimiento;15/12/2023;6.8;10.6;0;7;0.4
nacimiento;16/12/2023;6.2;10.8;0;8;0
nacimiento;17/12/2023;5;10.5;0;9;0
nacimiento;18/12/2023;5.2;10.4;0;10;0
nacimiento;19/12/2023;8.1;10.8;0;11;0
nacimiento;20/12/2023;9;9.3;0;12;0
nacimiento;21/12/2023;7.2;10.4;0;13;0
nacimiento;22/12/2023;10.4;10.6;0;14;0
nacimiento;23/12/2023;8.9;10.6;0;15;0
nacimiento;24/12/2023;9.2;10.6;0;16;0
nacimiento;25/12/2023;9.3;10.8;0;17;0
nacimiento;26/12/2023;8.6;10.3;0;18;0
nacimiento;27/12/2023;7.4;10.6;0;19;0
nacimiento;28/12/2023;9.3;7.8;0;20;0
nacimiento;29/12/2023;11.8;4.4;0;21;0
nacimiento;30/12/2023;10.4;10.4;0.6;0;0
nacimiento;31/12/2023;9.7;9;0;1;0.6
nacimiento;01/01/2024;9.9;9.4;0;2;0.6
nacimiento;02/01/2024;11.3;10.6;0;3;0.6
nacimiento;03/01/2024;13.6;10.4;0;4;0.6
nacimiento;04/01/2024;11.5;3.8;8;0;0.6
nacimiento;05/01/2024;6.5;6;2.2;0;8.6
nacimiento;06/01/2024;5.2;10.5;0;1;10.8
nacimiento;07/01/2024;5.8;10.2;0;2;10.2
nacimiento;08/01/2024;6.9;10.6;0;3;10.2
nacimiento;09/01/2024;6.6;3;5.2;0;10.2
nacimiento;10/01/2024;8.6;10.2;0.4;0;15.4
nacimiento;11/01/2024;6.8;9;0;1;15.8
nacimiento;12/01/2024;5.8;2.5;0;2;7.8
nacimiento;13/01/2024;8.5;7.8;0;3;5.6
nacimiento;14/01/2024;14.9;10.8;0;4;5.6
nacimiento;15/01/2024;14.7;7.6;0;5;5.6
nacimiento;16/01/2024;14.2;8.2;0.8;0;5.6
nacimiento;17/01/2024;14.1;11;2.8;0;1.2
nacimiento;18/01/2024;12.5;9;0;1;3.6
nacimiento;19/01/2024;11.3;5.7;7.8;0;3.6
nacimiento;20/01/2024;6.8;5.4;0;1;11.4
nacimiento;21/01/2024;6.7;10.9;0;2;11.4
nacimiento;22/01/2024;9.8;12.3;0;3;11.4
nacimiento;23/01/2024;13.2;11.9;0;4;11.4
nacimiento;24/01/2024;12.7;12.5;0;5;10.6
nacimiento;25/01/2024;14.9;12.5;0;6;7.8
nacimiento;26/01/2024;15.3;12.8;0;7;7.8
nacimiento;27/01/2024;14.5;13.4;0;8;0
nacimiento;28/01/2024;12.4;13;0;9;0
nacimiento;29/01/2024;9;9.3;0;10;0
nacimiento;30/01/2024;8.9;11.4;0;11;0
nacimiento;31/01/2024;8.2;11.8;0;12;0
nacimiento;01/02/2024;7;11.9;0;13;0
nacimiento;02/02/2024;9.9;13.5;0;14;0
nacimiento;03/02/2024;8.1;13.6;0;15;0
nacimiento;04/02/2024;9;14.2;0;16;0
nacimiento;05/02/2024;11.2;12.5;0;17;0
nacimiento;06/02/2024;12.3;11.8;0;18;0
nacimiento;07/02/2024;11;13.6;0;19;0
nacimiento;08/02/2024;12;8.7;0;20;0
nacimiento;09/02/2024;11.7;4.3;4.3;0;0
nacimiento;10/02/2024;7.3;11.9;4.3;0;4.3
nacimiento;11/02/2024;8.2;11.5;0.5;0;8.6
nacimiento;12/02/2024;14.2;14.8;0.2;0;9.1
nacimiento;13/02/2024;15.4;15.1;0;1;9.3
nacimiento;14/02/2024;14.9;10.5;0;2;9.3
nacimiento;15/02/2024;13.1;9.2;3.4;0;9.3
nacimiento;16/02/2024;9.7;9.1;0;1;12.7
nacimiento;17/02/2024;10.2;16.1;0;2;8.4
nacimiento;18/02/2024;10.6;16.1;0;3;4.1
nacimiento;19/02/2024;12.7;16.4;0;4;3.6
nacimiento;20/02/2024;13.4;16.9;0;5;3.4
nacimiento;21/02/2024;15.4;17.2;0;6;3.4
nacimiento;22/02/2024;14.9;12.5;0;7;3.4
nacimiento;23/02/2024;8.1;14.9;1.1;0;0
nacimiento;24/02/2024;6.5;14.5;0.9;0;1.1
nacimiento;25/02/2024;10.2;15.6;0;1;2
nacimiento;26/02/2024;7.5;9.8;7.1;0;2
nacimiento;27/02/2024;5.4;9.4;0.1;0;9.1
nacimiento;28/02/2024;6.3;17.8;0;1;9.2
nacimiento;29/02/2024;10.1;17.8;0;2;9.2
nacimiento;01/03/2024;9.2;18.7;0;3;9.2
portugos;01/01/2022;15.6;12;0;NA;0
portugos;02/01/2022;14.1;12.1;0;1;0
portugos;03/01/2022;14.1;12;0;2;0
portugos;04/01/2022;11.6;11.4;0;3;0
portugos;05/01/2022;4.9;10.7;0;4;0
portugos;06/01/2022;5.1;11.9;0.4;0;0.4
portugos;07/01/2022;5;11.8;0;1;0
portugos;08/01/2022;6.2;10.9;0;2;0.4
portugos;09/01/2022;8.4;10;0;3;0.4
portugos;10/01/2022;9.9;12.3;0;4;0.4
portugos;11/01/2022;8;9.1;0.6;0;0.4
portugos;12/01/2022;6;11.3;0;1;1
portugos;13/01/2022;4.3;10.6;0;2;1
portugos;14/01/2022;4.4;9.7;0.2;0;0.6
portugos;15/01/2022;4.4;12.3;0;1;0.8
portugos;16/01/2022;5.7;13.1;0;2;0.8
portugos;17/01/2022;5.2;12.6;0;3;0.8
portugos;18/01/2022;4.3;12.6;0;4;0.8
portugos;19/01/2022;4.2;12.5;0.2;0;0.2
portugos;20/01/2022;5.1;12;0;1;0.4
portugos;21/01/2022;4.3;7.2;0;2;0.4
portugos;22/01/2022;5.4;11.4;0;3;0.2
portugos;23/01/2022;5.2;10.2;0;4;0.2
portugos;24/01/2022;5.4;8.3;0;5;0.2
portugos;25/01/2022;5.9;10.6;0;6;0.2
portugos;26/01/2022;5.3;1.6;15.2;0;0.2
portugos;27/01/2022;6.4;9;1.4;0;15.2
portugos;28/01/2022;7.5;12.2;0;1;16.6
portugos;29/01/2022;8.7;14.1;0;2;16.6
portugos;30/01/2022;10.2;12.6;0;3;16.6
portugos;31/01/2022;11.1;12.8;0;4;16.6
portugos;01/02/2022;8.3;14.1;0;5;16.6
portugos;02/02/2022;12.1;14.9;0;6;16.6
portugos;03/02/2022;14;14.2;0;7;1.4
portugos;04/02/2022;12;11;0;8;0
portugos;05/02/2022;9.7;5.5;0.4;0;0
portugos;06/02/2022;7.6;9.1;0;1;0.4
portugos;07/02/2022;8.3;14.5;0;2;0.4
portugos;08/02/2022;8.9;15.9;0;3;0.4
portugos;09/02/2022;6.8;15.7;0;4;0.4
portugos;10/02/2022;6.9;14.9;0;5;0.4
portugos;11/02/2022;7.2;13.4;0.2;0;0.4
portugos;12/02/2022;6.5;11.1;0;1;0.6
portugos;13/02/2022;7.2;14.6;0;2;0.2
portugos;14/02/2022;8.5;17.2;0;3;0.2
portugos;15/02/2022;7.4;17.6;0;4;0.2
portugos;16/02/2022;9.7;16.1;0;5;0.2
portugos;17/02/2022;11.9;17.8;0;6;0.2
portugos;18/02/2022;13.3;18;0;7;0.2
portugos;19/02/2022;9.3;9.8;9;0;0
portugos;20/02/2022;7.8;5;0.6;0;9
portugos;21/02/2022;9.6;16.3;0;1;9.6
portugos;22/02/2022;12;19.1;0;2;9.6
portugos;23/02/2022;11.6;11;0;3;9.6
portugos;24/02/2022;11.3;14.6;8.4;0;9.6
portugos;25/02/2022;8.7;10.2;6.2;0;18
portugos;26/02/2022;7.2;12.2;5.4;0;24.2
portugos;27/02/2022;7.5;9.3;0.2;0;20.6
portugos;28/02/2022;6.2;3.6;0.2;0;20.2
portugos;01/03/2022;8.4;18.1;0;1;20.4
portugos;02/03/2022;9.6;19.9;0;2;20.4
portugos;03/03/2022;9.7;16;1.6;0;20.4
portugos;04/03/2022;5.6;10.5;0;1;13.6
portugos;05/03/2022;6.2;11.6;10.2;0;7.4
portugos;06/03/2022;5.3;8.5;2.4;0;12.2
portugos;07/03/2022;5.6;11;1.6;0;14.4
portugos;08/03/2022;6.5;13.9;0;1;15.8
portugos;09/03/2022;8.1;17.9;0;2;15.8
portugos;10/03/2022;8.9;21.3;0;3;15.8
portugos;11/03/2022;7.9;10.1;6.4;0;14.2
portugos;12/03/2022;8.3;19.1;0;1;20.6
portugos;13/03/2022;9.8;14.5;1;0;10.4
portugos;14/03/2022;10.6;8.9;3;0;9
portugos;15/03/2022;12.6;1.4;0.4;0;10.4
portugos;16/03/2022;7.2;2.4;43.4;0;10.8
portugos;17/03/2022;8.3;6.1;0.2;0;54.2
portugos;18/03/2022;8.3;11.7;0;1;54.4
portugos;19/03/2022;7.9;12.4;0;2;48
portugos;20/03/2022;8.6;15.4;10;0;48
portugos;21/03/2022;7.5;6.2;15.6;0;57
portugos;22/03/2022;8.6;11.2;9.8;0;69.6
portugos;23/03/2022;8.5;6.8;17.4;0;79
portugos;24/03/2022;8.5;2;8.8;0;53
portugos;25/03/2022;6.5;2.7;31.4;0;61.6
portugos;26/03/2022;6.9;6.6;11.6;0;93
portugos;27/03/2022;9.2;18.6;0;1;104.6
portugos;28/03/2022;11.3;14.9;0;2;94.6
portugos;29/03/2022;10.6;17.6;1.8;0;79
portugos;30/03/2022;10;16.3;0.6;0;71
portugos;31/03/2022;8.6;18.3;0.4;0;54.2
portugos;01/04/2022;8.8;20.9;0;1;45.8
portugos;02/04/2022;6.5;12.3;0;2;14.4
portugos;03/04/2022;5.2;15.6;0;3;2.8
portugos;04/04/2022;4.4;8.3;0.2;0;2.8
portugos;05/04/2022;4.2;3;29.6;0;3
portugos;06/04/2022;6.7;18.1;0;1;30.8
portugos;07/04/2022;9.8;23;0.2;0;30.2
portugos;08/04/2022;12.4;23.4;0;1;30
portugos;09/04/2022;13.5;25.4;0;2;30
portugos;10/04/2022;15.1;25;0;3;30
portugos;11/04/2022;15.5;20.8;0;4;30
portugos;12/04/2022;10.7;19;0.6;0;29.8
portugos;13/04/2022;9.7;15.4;1.6;0;0.8
portugos;14/04/2022;10.7;13.3;0.6;0;2.4
portugos;15/04/2022;12.5;19;0;1;2.8
portugos;16/04/2022;15.1;25.2;0;2;2.8
portugos;17/04/2022;17.6;24.7;0;3;2.8
portugos;18/04/2022;16.6;24.8;0;4;2.8
portugos;19/04/2022;13.8;26;0;5;2.8
portugos;20/04/2022;6.8;25.6;0.2;0;2.2
portugos;21/04/2022;9.9;27.8;0;1;0.8
portugos;22/04/2022;7.8;8.5;23.6;0;0.2
portugos;23/04/2022;8;26.5;4.8;0;23.8
portugos;24/04/2022;10.3;23.8;0.2;0;28.6
portugos;25/04/2022;13.1;27.7;0;1;28.8
portugos;26/04/2022;12.2;20.4;0.4;0;28.8
portugos;27/04/2022;10.3;13.3;0;1;29.2
portugos;28/04/2022;8.5;12;3.6;0;29
portugos;29/04/2022;11.2;22.9;0;1;32.6
portugos;30/04/2022;13.1;26;0;2;9
portugos;01/05/2022;15.8;23.5;0;3;4.2
portugos;02/05/2022;15.3;27.6;0;4;4
portugos;03/05/2022;10.2;10.4;4.6;0;4
portugos;04/05/2022;7.9;3.3;43.6;0;8.2
portugos;05/05/2022;11;14.9;0;1;51.8
portugos;06/05/2022;15.1;25.5;0.2;0;48.2
portugos;07/05/2022;15.5;26.7;0;1;48.4
portugos;08/05/2022;15.7;28.3;0;2;48.4
portugos;09/05/2022;16.4;26.2;0;3;48.4
portugos;10/05/2022;16;29.3;0;4;48.4
portugos;11/05/2022;17.5;30.1;0;5;43.8
portugos;12/05/2022;17.7;24.7;0;6;0.2
portugos;13/05/2022;19.1;28.2;0;7;0.2
portugos;14/05/2022;20.3;27.8;0;8;0
portugos;15/05/2022;20.2;28.8;0;9;0
portugos;16/05/2022;20.3;30;0;10;0
portugos;17/05/2022;21.3;29.6;0;11;0
portugos;18/05/2022;23.2;29;0;12;0
portugos;19/05/2022;24.3;29;0;13;0
portugos;20/05/2022;26.2;27.6;0;14;0
portugos;21/05/2022;26.1;23.6;0;15;0
portugos;22/05/2022;24.1;25.7;0;16;0
portugos;23/05/2022;21;29.6;0;17;0
portugos;24/05/2022;20.1;29.6;0;18;0
portugos;25/05/2022;15.4;21.8;0;19;0
portugos;26/05/2022;15.2;29.4;0;20;0
portugos;27/05/2022;19.2;30.9;0;21;0
portugos;28/05/2022;22.4;29.9;0;22;0
portugos;29/05/2022;21.9;26.2;0;23;0
portugos;30/05/2022;19;28.9;0;24;0
portugos;31/05/2022;23.1;30.6;0;25;0
portugos;01/06/2022;23;26.6;0;26;0
portugos;02/06/2022;21.3;22.2;0;27;0
portugos;03/06/2022;20.1;30.6;0;28;0
portugos;04/06/2022;20;31;0;29;0
portugos;05/06/2022;20.1;27.1;0;30;0
portugos;06/06/2022;23.4;30.6;0;31;0
portugos;07/06/2022;24.5;31.1;0;32;0
portugos;08/06/2022;25;27.7;0;33;0
portugos;09/06/2022;24.6;29.9;0;34;0
portugos;10/06/2022;23.8;29.9;0;35;0
portugos;11/06/2022;24.8;30.3;0;36;0
portugos;12/06/2022;26.6;29.6;0;37;0
portugos;13/06/2022;28;27;0;38;0
portugos;14/06/2022;28.1;23.4;0;39;0
portugos;15/06/2022;27.9;26.6;0;40;0
portugos;16/06/2022;28.8;28.1;0;41;0
portugos;17/06/2022;28.8;29.1;0;42;0
portugos;18/06/2022;28.9;28.4;0;43;0
portugos;19/06/2022;25.6;29.3;0;44;0
portugos;20/06/2022;25.5;22.8;0.2;0;0
portugos;21/06/2022;21;11.4;1.8;0;0.2
portugos;22/06/2022;18.8;30.8;0;1;2
portugos;23/06/2022;19.8;30.3;0;2;2
portugos;24/06/2022;20.4;29.9;0;3;2
portugos;25/06/2022;22.1;30.2;0;4;2
portugos;26/06/2022;22.6;29.9;0;5;2
portugos;27/06/2022;21.8;30.1;0;6;2
portugos;28/06/2022;21.7;29.5;0;7;1.8
portugos;29/06/2022;23.2;29;0;8;0
portugos;30/06/2022;23.8;28.8;0;9;0
portugos;01/07/2022;23.1;28.6;0;10;0
portugos;02/07/2022;22.8;26.3;0;11;0
portugos;03/07/2022;24.4;23.3;0;12;0
portugos;04/07/2022;27.3;25.3;0;13;0
portugos;05/07/2022;27.6;22.6;0;14;0
portugos;06/07/2022;23.7;25.2;0;15;0
portugos;07/07/2022;22.6;24.8;0;16;0
portugos;08/07/2022;23.6;28.4;0;17;0
portugos;09/07/2022;24.4;28.9;0;18;0
portugos;10/07/2022;25.1;28.4;0;19;0
portugos;11/07/2022;26.1;29;0;20;0
portugos;12/07/2022;26.8;29.2;0;21;0
portugos;13/07/2022;28;27.9;0;22;0
portugos;14/07/2022;28.2;28.1;0;23;0
portugos;15/07/2022;26.3;27.9;0;24;0
portugos;16/07/2022;25.8;28.4;0;25;0
portugos;17/07/2022;26.1;28.5;0;26;0
portugos;18/07/2022;27.1;27.5;0;27;0
portugos;19/07/2022;26.9;27.6;0;28;0
portugos;20/07/2022;26.4;28.1;0;29;0
portugos;21/07/2022;25.4;27.3;0;30;0
portugos;22/07/2022;26.6;26.5;0;31;0
portugos;23/07/2022;28.1;27;0;32;0
portugos;24/07/2022;29.3;26.8;0;33;0
portugos;25/07/2022;31.1;24.9;0;34;0
portugos;26/07/2022;29.3;27.4;0;35;0
portugos;27/07/2022;25.9;25.5;0;36;0
portugos;28/07/2022;25.9;28.2;0;37;0
portugos;29/07/2022;27.2;27.2;0;38;0
portugos;30/07/2022;27.5;20.1;0;39;0
portugos;31/07/2022;26.2;27.1;0;40;0
portugos;01/08/2022;25.4;27.8;0;41;0
portugos;02/08/2022;26.1;27.3;0;42;0
portugos;03/08/2022;27.6;27.4;0;43;0
portugos;04/08/2022;28.1;27.5;0;44;0
portugos;05/08/2022;26.9;27.4;0;45;0
portugos;06/08/2022;26.2;27.8;0;46;0
portugos;07/08/2022;25.1;27.2;0;47;0
portugos;08/08/2022;25.3;26.3;0;48;0
portugos;09/08/2022;26.7;22.2;0.4;0;0
portugos;10/08/2022;27.8;24.8;0;1;0.4
portugos;11/08/2022;27.1;25.1;0;2;0.4
portugos;12/08/2022;28.5;22.7;0;3;0.4
portugos;13/08/2022;29.9;18.8;0;4;0.4
portugos;14/08/2022;28.6;22.8;0;5;0.4
portugos;15/08/2022;24.6;25.9;0;6;0.4
portugos;16/08/2022;23.6;26.7;0;7;0.4
portugos;17/08/2022;22.7;26.4;0;8;0
portugos;18/08/2022;22.6;25.8;0;9;0
portugos;19/08/2022;23.5;25.6;0;10;0
portugos;20/08/2022;24.5;25.4;0;11;0
portugos;21/08/2022;26.7;25.8;0;12;0
portugos;22/08/2022;27.7;25.4;0;13;0
portugos;23/08/2022;24.8;24.6;0;14;0
portugos;24/08/2022;25.6;21.9;0;15;0
portugos;25/08/2022;24.8;23.7;0;16;0
portugos;26/08/2022;23;16.9;0;17;0
portugos;27/08/2022;23.3;23.6;0;18;0
portugos;28/08/2022;25.2;23.2;0;19;0
portugos;29/08/2022;25.1;10.5;1.6;0;0
portugos;30/08/2022;27;15.3;1.2;0;1.6
portugos;31/08/2022;23.6;21.7;2.2;0;2.8
portugos;01/09/2022;25.1;16.9;0;1;5
portugos;02/09/2022;24.8;16.4;0;2;5
portugos;03/09/2022;22.6;12.5;0.2;0;5
portugos;04/09/2022;23.5;23.5;0;1;5.2
portugos;05/09/2022;23.7;23.2;0;2;5.2
portugos;06/09/2022;23.9;23.2;0;3;3.6
portugos;07/09/2022;24;22.1;0;4;2.4
portugos;08/09/2022;23.4;20.3;0;5;0.2
portugos;09/09/2022;24.2;18.2;0;6;0.2
portugos;10/09/2022;24.8;21.4;0;7;0.2
portugos;11/09/2022;25.9;20.1;0;8;0
portugos;12/09/2022;26.6;15.2;0.4;0;0
portugos;13/09/2022;21.2;8.7;2.2;0;0.4
portugos;14/09/2022;20.8;16.6;0.2;0;2.6
portugos;15/09/2022;20;21.6;0;1;2.8
portugos;16/09/2022;20.6;20.8;0;2;2.8
portugos;17/09/2022;21.4;21.3;0;3;2.8
portugos;18/09/2022;21.4;19;0;4;2.8
portugos;19/09/2022;19.8;14.1;0;5;2.8
portugos;20/09/2022;19.6;19.1;0;6;2.4
portugos;21/09/2022;19.2;16.1;0;7;0.2
portugos;22/09/2022;17.9;14;7.2;0;0
portugos;23/09/2022;19.2;17.6;0;1;7.2
portugos;24/09/2022;20.6;20.2;0;2;7.2
portugos;25/09/2022;18.6;18.1;0;3;7.2
portugos;26/09/2022;16.8;21.3;0;4;7.2
portugos;27/09/2022;17;20.7;0;5;7.2
portugos;28/09/2022;18.2;21.2;0;6;7.2
portugos;29/09/2022;15.7;19.5;0;7;7.2
portugos;30/09/2022;13.9;19.1;0;8;0
portugos;01/10/2022;15.3;20.3;0;9;0
portugos;02/10/2022;20.6;15.3;0;10;0
portugos;03/10/2022;22.3;15.5;0;11;0
portugos;04/10/2022;20.4;17.4;0.2;0;0
portugos;05/10/2022;18.2;13.8;0;1;0.2
portugos;06/10/2022;16.3;12.5;5.4;0;0.2
portugos;07/10/2022;17.4;14.6;0;1;5.6
portugos;08/10/2022;18.1;15.5;0;2;5.6
portugos;09/10/2022;17.9;14.2;0;3;5.6
portugos;10/10/2022;15.9;11.9;0.4;0;5.6
portugos;11/10/2022;16.1;11.3;1;0;6
portugos;12/10/2022;14.8;7.9;5.8;0;6.8
portugos;13/10/2022;16.1;15.1;0.2;0;12.6
portugos;14/10/2022;18.4;18.7;0;1;7.4
portugos;15/10/2022;20.5;16.7;0;2;7.4
portugos;16/10/2022;20.4;9.5;0;3;7.4
portugos;17/10/2022;21.2;16.9;0.6;0;7.4
portugos;18/10/2022;22.3;13.9;0;1;7.6
portugos;19/10/2022;22.8;13.7;0.2;0;6.6
portugos;20/10/2022;21;8.4;0;1;1
portugos;21/10/2022;20.8;14.6;0;2;0.8
portugos;22/10/2022;21.4;10.2;0;3;0.8
portugos;23/10/2022;20.8;10.9;0;4;0.8
portugos;24/10/2022;20.9;15.2;0;5;0.8
portugos;25/10/2022;22.8;14.7;0;6;0.2
portugos;26/10/2022;22.1;8.4;0;7;0.2
portugos;27/10/2022;22;14.9;0;8;0
portugos;28/10/2022;20.2;14.1;0;9;0
portugos;29/10/2022;18.2;12.7;0;10;0
portugos;30/10/2022;17.7;8.9;0;11;0
portugos;31/10/2022;19.8;9.8;0;12;0
portugos;01/11/2022;18.9;13.4;0;13;0
portugos;02/11/2022;17.4;13.6;0;14;0
portugos;03/11/2022;15.4;8.8;0;15;0
portugos;04/11/2022;15.4;13.1;0;16;0
portugos;05/11/2022;14.3;14.1;0;17;0
portugos;06/11/2022;15.4;14.1;0;18;0
portugos;07/11/2022;16.5;14.1;0;19;0
portugos;08/11/2022;16.1;11.8;0;20;0
portugos;09/11/2022;14;10.5;0;21;0
portugos;10/11/2022;13.6;12;0;22;0
portugos;11/11/2022;13.4;9.6;0;23;0
portugos;12/11/2022;15.4;10.3;0;24;0
portugos;13/11/2022;14.3;13;0;25;0
portugos;14/11/2022;14;13.4;0;26;0
portugos;15/11/2022;14.2;5.1;0;27;0
portugos;16/11/2022;14.6;6.4;2.4;0;0
portugos;17/11/2022;15.2;12.3;0;1;2.4
portugos;18/11/2022;10.4;3.2;3.2;0;2.4
portugos;19/11/2022;7.1;12.5;0;1;5.6
portugos;20/11/2022;8.7;12.8;0;2;5.6
portugos;21/11/2022;12.3;10.8;0;3;5.6
portugos;22/11/2022;12.4;11.3;0;4;5.6
portugos;23/11/2022;13.7;10.6;0;5;5.6
portugos;24/11/2022;13.2;12.5;0;6;3.2
portugos;25/11/2022;12;8.3;0;7;3.2
portugos;26/11/2022;11.8;12.5;0;8;0
portugos;27/11/2022;14.4;11.1;0;9;0
portugos;28/11/2022;10;11.9;0;10;0
portugos;29/11/2022;8.5;11.8;0;11;0
portugos;30/11/2022;9.5;10.9;0;12;0
portugos;01/12/2022;7.6;5.1;0;13;0
portugos;02/12/2022;6.8;8;8.4;0;0
portugos;03/12/2022;6.7;5.2;0.8;0;8.4
portugos;04/12/2022;9;3.6;1;0;9.2
portugos;05/12/2022;11.5;7.8;7.8;0;10.2
portugos;06/12/2022;9.8;7.8;14.6;0;18
portugos;07/12/2022;10.3;9.6;0;1;32.6
portugos;08/12/2022;11;3.6;14.6;0;32.6
portugos;09/12/2022;9.7;1.3;59.2;0;47.2
portugos;10/12/2022;10.2;10.9;0;1;98
portugos;11/12/2022;12.5;5.8;23.6;0;97.2
portugos;12/12/2022;14.1;10;0;1;119.8
portugos;13/12/2022;13.8;1.7;20.6;0;112
portugos;14/12/2022;12.6;1.4;33.4;0;118
portugos;15/12/2022;8.2;7.1;12.6;0;151.4
portugos;16/12/2022;7.7;5.1;3.8;0;149.4
portugos;17/12/2022;8.5;11;0.2;0;94
portugos;18/12/2022;9.2;11.4;0;1;94.2
portugos;19/12/2022;9.5;11.4;0;2;70.6
portugos;20/12/2022;11;10;0;3;70.6
portugos;21/12/2022;11;9.8;0;4;50
portugos;22/12/2022;11.4;11.1;0;5;16.6
portugos;23/12/2022;14.5;11.1;0;6;4
portugos;24/12/2022;14.1;11.2;0;7;0.2
portugos;25/12/2022;13.6;10.8;0;8;0
portugos;26/12/2022;13.5;10;0;9;0
portugos;27/12/2022;12.8;11.3;0;10;0
portugos;28/12/2022;11.2;11.2;0;11;0
portugos;29/12/2022;10.1;11;0;12;0
portugos;30/12/2022;10.5;9.8;0;13;0
portugos;31/12/2022;12.7;10.5;0;14;0
portugos;01/01/2023;12.6;11;0;15;0
portugos;02/01/2023;11.9;9.6;0;16;0
portugos;03/01/2023;10.9;10.3;0;17;0
portugos;04/01/2023;9;10.8;0;18;0
portugos;05/01/2023;8.1;11.8;0.2;0;0
portugos;06/01/2023;7.7;11.8;0;1;0.2
portugos;07/01/2023;8.3;11.8;0.2;0;0.2
portugos;08/01/2023;11.9;10.6;0.2;0;0.4
portugos;09/01/2023;12.4;11.2;0;1;0.6
portugos;10/01/2023;11.2;12.1;0;2;0.6
portugos;11/01/2023;9.9;12.1;0;3;0.6
portugos;12/01/2023;8.7;10.6;0;4;0.6
portugos;13/01/2023;8.9;11.5;0.2;0;0.4
portugos;14/01/2023;9.4;12.8;0;1;0.6
portugos;15/01/2023;9.5;12.8;0;2;0.4
portugos;16/01/2023;7;12.3;0.2;0;0.2
portugos;17/01/2023;9.5;12.8;0;1;0.4
portugos;18/01/2023;4.8;12.9;0.2;0;0.4
portugos;19/01/2023;3.6;13.2;0;1;0.6
portugos;20/01/2023;7.4;13;0;2;0.6
portugos;21/01/2023;7.9;8.3;0.2;0;0.4
portugos;22/01/2023;3.4;10.3;0.4;0;0.6
portugos;23/01/2023;2.3;12.4;0;1;1
portugos;24/01/2023;2.1;10.6;0.2;0;0.8
portugos;25/01/2023;2.9;13.2;0.2;0;1
portugos;26/01/2023;2.8;11.9;0;1;1
portugos;27/01/2023;3.4;13.9;0;2;1
portugos;28/01/2023;3.5;12.7;0;3;1
portugos;29/01/2023;3.3;9.3;1.2;0;0.8
portugos;30/01/2023;3.6;12.1;0;1;1.6
portugos;31/01/2023;5.8;14.7;0;2;1.6
portugos;01/02/2023;6.8;14.6;0;3;1.4
portugos;02/02/2023;5.7;13.8;0;4;1.2
portugos;03/02/2023;7.7;14.8;0;5;1.2
portugos;04/02/2023;7.2;15;0;6;1.2
portugos;05/02/2023;10.6;15;0;7;1.2
portugos;06/02/2023;6.3;12;0.6;0;0
portugos;07/02/2023;4.2;3.7;5.4;0;0.6
portugos;08/02/2023;5.5;7.7;2;0;6
portugos;09/02/2023;5.4;10.2;0;1;8
portugos;10/02/2023;3.7;13.9;0;2;8
portugos;11/02/2023;4.6;13.2;0;3;8
portugos;12/02/2023;6.8;12.2;0;4;8
portugos;13/02/2023;7;16.2;0;5;8
portugos;14/02/2023;7.2;6.5;0;6;7.4
portugos;15/02/2023;7.9;5.5;0;7;2
portugos;16/02/2023;9.3;10.8;0;8;0
portugos;17/02/2023;8.5;3;1.2;0;0
portugos;18/02/2023;11;9.2;0;1;1.2
portugos;19/02/2023;12.5;13;0;2;1.2
portugos;20/02/2023;13.8;14.9;0;3;1.2
portugos;21/02/2023;13.2;14.6;0;4;1.2
portugos;22/02/2023;11.8;16.5;0;5;1.2
portugos;23/02/2023;9.6;17.3;0;6;1.2
portugos;24/02/2023;5.6;7.5;0;7;1.2
portugos;25/02/2023;4.5;16.7;0;8;0
portugos;26/02/2023;6.6;18.6;0;9;0
portugos;27/02/2023;4.6;14.6;0;10;0
portugos;28/02/2023;4.2;19.2;0;11;0
portugos;01/03/2023;5;19.4;0;12;0
portugos;02/03/2023;4.7;16.1;0;13;0
portugos;03/03/2023;6.4;19.7;0;14;0
portugos;04/03/2023;6.5;15.5;0;15;0
portugos;05/03/2023;8.9;14.9;0.4;0;0
portugos;06/03/2023;10.3;15.9;3.6;0;0.4
portugos;07/03/2023;11.5;18.6;1.6;0;4
portugos;08/03/2023;13.4;20.2;0;1;5.6
portugos;09/03/2023;13.6;16.3;0;2;5.6
portugos;10/03/2023;14.4;19.2;0;3;5.6
portugos;11/03/2023;15.1;21.1;0;4;5.6
portugos;12/03/2023;16.4;20.2;0;5;5.6
portugos;13/03/2023;17.7;20.4;0;6;5.2
portugos;14/03/2023;13.2;21.5;0;7;1.6
portugos;15/03/2023;14.4;21.7;0;8;0
portugos;16/03/2023;15.5;21.8;0;9;0
portugos;17/03/2023;13.2;21.1;0;10;0
portugos;18/03/2023;11;17;0;11;0
portugos;19/03/2023;10.1;11.2;0;12;0
portugos;20/03/2023;11.2;20.7;0;13;0
portugos;21/03/2023;12.5;22;0;14;0
portugos;22/03/2023;14.8;22.9;0;15;0
portugos;23/03/2023;16.2;23.4;0;16;0
portugos;24/03/2023;16.2;21.2;0;17;0
portugos;25/03/2023;16.5;23.2;0;18;0
portugos;26/03/2023;17.6;20;0;19;0
portugos;27/03/2023;14.9;20.3;0;20;0
portugos;28/03/2023;14.3;23;0;21;0
portugos;29/03/2023;15.8;24.1;0;22;0
portugos;30/03/2023;18.5;23.6;0;23;0
portugos;31/03/2023;18.4;22.2;0;24;0
portugos;01/04/2023;16.7;22.4;0;25;0
portugos;02/04/2023;12.8;18.6;0;26;0
portugos;03/04/2023;12.1;25.1;0;27;0
portugos;04/04/2023;11.3;19.2;0;28;0
portugos;05/04/2023;12.2;25.5;0;29;0
portugos;06/04/2023;13.6;23.7;0;30;0
portugos;07/04/2023;12.5;25.9;0;31;0
portugos;08/04/2023;16.5;25.8;0;32;0
portugos;09/04/2023;17.4;24.8;0;33;0
portugos;10/04/2023;19.8;24;0;34;0
portugos;11/04/2023;19.4;25.4;0;35;0
portugos;12/04/2023;17.6;25.6;0;36;0
portugos;13/04/2023;14.4;25.2;0;37;0
portugos;14/04/2023;15.5;25.2;0;38;0
portugos;15/04/2023;17.5;26.1;0;39;0
portugos;16/04/2023;14.7;24.6;0;40;0
portugos;17/04/2023;13.4;26.3;0;41;0
portugos;18/04/2023;14.5;26.6;0;42;0
portugos;19/04/2023;14.1;20.9;0;43;0
portugos;20/04/2023;15.3;26;0;44;0
portugos;21/04/2023;17.4;25.7;0;45;0
portugos;22/04/2023;16.2;22.6;0;46;0
portugos;23/04/2023;16.9;26.9;0;47;0
portugos;24/04/2023;19.2;27.2;0;48;0
portugos;25/04/2023;21.7;27.5;0;49;0
portugos;26/04/2023;22.6;27.7;0;50;0
portugos;27/04/2023;24.5;24.7;0;51;0
portugos;28/04/2023;25.8;20.8;0;52;0
portugos;29/04/2023;22.9;23.7;0;53;0
portugos;30/04/2023;19.8;20.7;0;54;0
portugos;01/05/2023;19.1;23.5;0;55;0
portugos;02/05/2023;19.8;24;0;56;0
portugos;03/05/2023;19.2;23.4;0;57;0
portugos;04/05/2023;18.3;22.8;0;58;0
portugos;05/05/2023;19.9;26.4;0;59;0
portugos;06/05/2023;18.8;22.1;0;60;0
portugos;07/05/2023;18.9;27.4;0;61;0
portugos;08/05/2023;20;26.1;0;62;0
portugos;09/05/2023;23.8;26.6;0;63;0
portugos;10/05/2023;19.3;23.8;0;64;0
portugos;11/05/2023;16.5;21.6;0;65;0
portugos;12/05/2023;14.9;18;0.8;0;0
portugos;13/05/2023;10.7;13.8;9.8;0;0.8
portugos;14/05/2023;12.8;18.8;2.4;0;10.6
portugos;15/05/2023;16.7;30.3;0;1;13
portugos;16/05/2023;16.9;27.6;0;2;13
portugos;17/05/2023;13.9;15.5;1.8;0;13
portugos;18/05/2023;11.2;11.2;5.2;0;14.8
portugos;19/05/2023;11.1;12.2;1.6;0;20
portugos;20/05/2023;11.6;14.3;10.2;0;20.8
portugos;21/05/2023;10.5;7.7;11.8;0;21.2
portugos;22/05/2023;9.5;3.5;23;0;30.6
portugos;23/05/2023;10.6;8;8.6;0;53.6
portugos;24/05/2023;12.5;15.2;0.4;0;62.2
portugos;25/05/2023;14.5;17.6;1.8;0;60.8
portugos;26/05/2023;15.9;24.7;0.2;0;57.4
portugos;27/05/2023;14;7.7;6.6;0;56
portugos;28/05/2023;14.7;15.6;1.8;0;52.4
portugos;29/05/2023;15.2;22.3;0;1;42.4
portugos;30/05/2023;14.5;17.7;8.6;0;19.4
portugos;31/05/2023;15.6;19.1;0.6;0;19.4
portugos;01/06/2023;16.8;26.7;0;1;19.6
portugos;02/06/2023;14;12.1;6.6;0;17.8
portugos;03/06/2023;14.2;14.5;10;0;24.2
portugos;04/06/2023;15.6;19.7;1.2;0;27.6
portugos;05/06/2023;16.8;18;5;0;27
portugos;06/06/2023;19.4;27.1;0.4;0;32
portugos;07/06/2023;15.7;3.1;13.6;0;23.8
portugos;08/06/2023;16.9;13.7;7.8;0;36.8
portugos;09/06/2023;17.8;29.1;0;1;44.6
portugos;10/06/2023;19.7;29;0;2;38
portugos;11/06/2023;20.7;29;0;3;28
portugos;12/06/2023;20.7;22.4;0;4;26.8
portugos;13/06/2023;19.7;28.8;0;5;21.8
portugos;14/06/2023;20.2;29.5;0;6;21.4
portugos;15/06/2023;22.4;29.2;0;7;7.8
portugos;16/06/2023;23.7;28.8;0;8;0
portugos;17/06/2023;24.4;27.9;0;9;0
portugos;18/06/2023;21.2;16.6;5;0;0
portugos;19/06/2023;21.8;24.9;1.4;0;5
portugos;20/06/2023;22.5;27.3;0.2;0;6.4
portugos;21/06/2023;21.8;23.8;5.2;0;6.6
portugos;22/06/2023;22.3;29.2;0;1;11.8
portugos;23/06/2023;23.8;28.7;0;2;11.8
portugos;24/06/2023;23.8;28.8;0;3;11.8
portugos;25/06/2023;25.6;28.8;0;4;11.8
portugos;26/06/2023;26.6;28.3;0;5;6.8
portugos;27/06/2023;27.2;28.4;0;6;5.4
portugos;28/06/2023;27.4;27.5;0;7;5.2
portugos;29/06/2023;26.4;27;0;8;0
portugos;30/06/2023;24.7;29.3;0;9;0
portugos;01/07/2023;22;25.2;0;10;0
portugos;02/07/2023;24.4;28.2;0;11;0
portugos;03/07/2023;25.6;28.8;0;12;0
portugos;04/07/2023;26.3;29.1;0;13;0
portugos;05/07/2023;25.8;25.6;0;14;0
portugos;06/07/2023;23.8;26.7;0;15;0
portugos;07/07/2023;24.2;28.5;0;16;0
portugos;08/07/2023;25.4;27.9;0;17;0
portugos;09/07/2023;27.9;26.8;0;18;0
portugos;10/07/2023;32.1;27.1;0;19;0
portugos;11/07/2023;32.8;26.7;0;20;0
portugos;12/07/2023;32.5;27.6;0;21;0
portugos;13/07/2023;27.6;28.4;0;22;0
portugos;14/07/2023;25.6;28.2;0;23;0
portugos;15/07/2023;26.9;28.5;0;24;0
portugos;16/07/2023;28;23.6;0;25;0
portugos;17/07/2023;32.2;28.7;0;26;0
portugos;18/07/2023;31.1;27.9;0;27;0
portugos;19/07/2023;31.4;26;0;28;0
portugos;20/07/2023;31;25.3;0;29;0
portugos;21/07/2023;26.8;20.2;0;30;0
portugos;22/07/2023;26.5;21.6;0;31;0
portugos;23/07/2023;27.1;19.9;0;32;0
portugos;24/07/2023;28.1;24.1;0;33;0
portugos;25/07/2023;26;28.6;0;34;0
portugos;26/07/2023;25.5;25.4;0;35;0
portugos;27/07/2023;24.2;26.3;0;36;0
portugos;28/07/2023;25.4;27.5;0;37;0
portugos;29/07/2023;27.2;27.1;0;38;0
portugos;30/07/2023;29.3;27.3;0;39;0
portugos;31/07/2023;28.3;28;0;40;0
portugos;01/08/2023;28.2;27.8;0;41;0
portugos;02/08/2023;28.9;28.2;0;42;0
portugos;03/08/2023;27.7;27.9;0;43;0
portugos;04/08/2023;23.1;14.5;0;44;0
portugos;05/08/2023;22.9;26.9;0;45;0
portugos;06/08/2023;26.7;27.3;0;46;0
portugos;07/08/2023;26.7;25.9;0;47;0
portugos;08/08/2023;26.3;22.6;0;48;0
portugos;09/08/2023;28.8;24.6;0;49;0
portugos;10/08/2023;32.1;24.1;0;50;0
portugos;11/08/2023;29.5;26.1;0;51;0
portugos;12/08/2023;25.8;26.1;0;52;0
portugos;13/08/2023;24.7;26.1;0;53;0
portugos;14/08/2023;26.5;26.1;0;54;0
portugos;15/08/2023;27.4;24.1;0;55;0
portugos;16/08/2023;26.9;23.4;0;56;0
portugos;17/08/2023;27;26.7;0;57;0
portugos;18/08/2023;27.9;25.6;0;58;0
portugos;19/08/2023;28.2;26;0;59;0
portugos;20/08/2023;28.6;24.9;0;60;0
portugos;21/08/2023;26.9;24.4;0;61;0
portugos;22/08/2023;27.9;25.4;0;62;0
portugos;23/08/2023;27.3;25.8;0;63;0
portugos;24/08/2023;27.6;25.2;0;64;0
portugos;25/08/2023;29.3;23.4;0;65;0
portugos;26/08/2023;30.4;21.2;0;66;0
portugos;27/08/2023;23.6;25.8;0;67;0
portugos;28/08/2023;20.9;25.5;0;68;0
portugos;29/08/2023;23.2;25.4;0;69;0
portugos;30/08/2023;21.3;17.1;1.2;0;0
portugos;31/08/2023;21.1;17.4;0;1;1.2
portugos;01/09/2023;22.4;22;0;2;1.2
portugos;02/09/2023;18.3;14.4;4.4;0;1.2
portugos;03/09/2023;16;4.5;58.2;0;5.6
portugos;04/09/2023;20;16.4;0;1;63.8
portugos;05/09/2023;21.1;20;0;2;63.8
portugos;06/09/2023;21.3;15.7;0;3;63.8
portugos;07/09/2023;20.9;19.8;0;4;62.6
portugos;08/09/2023;21.3;21.9;0;5;62.6
portugos;09/09/2023;21.1;22.3;0.2;0;62.6
portugos;10/09/2023;21.1;22.2;0;1;58.4
portugos;11/09/2023;21.3;20.5;0;2;0.2
portugos;12/09/2023;20.9;21.8;0;3;0.2
portugos;13/09/2023;20.7;14.7;0;4;0.2
portugos;14/09/2023;21.2;17.9;5.2;0;0.2
portugos;15/09/2023;20.7;17.6;0;1;5.4
portugos;16/09/2023;20.7;18.2;0.2;0;5.4
portugos;17/09/2023;19.9;13.8;2.4;0;5.4
portugos;18/09/2023;19.2;19;0;1;7.8
portugos;19/09/2023;18.5;15.2;0;2;7.8
portugos;20/09/2023;18.3;21.6;0;3;7.8
portugos;21/09/2023;18.8;21.9;0;4;7.8
portugos;22/09/2023;18.4;18.5;0;5;2.6
portugos;23/09/2023;17.9;21.4;0;6;2.6
portugos;24/09/2023;19.3;21.8;0;7;2.4
portugos;25/09/2023;19.9;21.6;0;8;0
portugos;26/09/2023;19;21.2;0;9;0
portugos;27/09/2023;19.2;21;0;10;0
portugos;28/09/2023;21.1;20.8;0;11;0
portugos;29/09/2023;22.6;20.6;0;12;0
portugos;30/09/2023;21.9;20.6;0;13;0
portugos;01/10/2023;23;20.9;0;14;0
portugos;02/10/2023;22.2;20.3;0;15;0
portugos;03/10/2023;21.1;19.9;0;16;0
portugos;04/10/2023;19.2;19;0;17;0
portugos;05/10/2023;21.4;20.1;0;18;0
portugos;06/10/2023;23.3;18.7;0;19;0
portugos;07/10/2023;22.2;19.8;0;20;0
portugos;08/10/2023;19.5;18.9;0;21;0
portugos;09/10/2023;17.2;16.2;0;22;0
portugos;10/10/2023;16.7;15;0;23;0
portugos;11/10/2023;17;18.5;0;24;0
portugos;12/10/2023;18.6;18.2;0;25;0
portugos;13/10/2023;20.5;16.9;0;26;0
portugos;14/10/2023;17.1;8.3;1.6;0;0
portugos;15/10/2023;17.6;16.8;0;1;1.6
portugos;16/10/2023;18.2;14.4;0;2;1.6
portugos;17/10/2023;20.6;14;0;3;1.6
portugos;18/10/2023;17.8;15;0;4;1.6
portugos;19/10/2023;14.7;5.5;29.8;0;1.6
portugos;20/10/2023;12.3;19.1;0;1;31.4
portugos;21/10/2023;12;17.7;0;2;31.4
portugos;22/10/2023;13.7;11.5;8.6;0;29.8
portugos;23/10/2023;13.2;4.7;3.6;0;38.4
portugos;24/10/2023;12.3;17.3;0;1;42
portugos;25/10/2023;15.2;13.8;0;2;42
portugos;26/10/2023;15.4;13.3;0.2;0;42
portugos;27/10/2023;14.1;11.6;0;1;12.4
portugos;28/10/2023;12.4;16.5;0;2;12.4
portugos;29/10/2023;12.8;14.3;0;3;12.4
portugos;30/10/2023;13.1;12.7;2.6;0;3.8
portugos;31/10/2023;11.8;6.3;5;0;2.8
portugos;01/11/2023;13.3;12.7;0.6;0;7.8
portugos;02/11/2023;15.1;12.8;0.2;0;8.4
portugos;03/11/2023;11.3;14;0;1;8.4
portugos;04/11/2023;13;15.3;0;2;8.4
portugos;05/11/2023;11.7;15.3;0;3;8.4
portugos;06/11/2023;9.4;13.4;0;4;8.4
portugos;07/11/2023;8.3;14.6;0;5;5.8
portugos;08/11/2023;9.3;12.5;0;6;0.8
portugos;09/11/2023;11.8;13.3;0;7;0.2
portugos;10/11/2023;12.8;14.4;0;8;0
portugos;11/11/2023;13.5;14.2;0;9;0
portugos;12/11/2023;14.2;12.9;0;10;0
portugos;13/11/2023;16;13.8;0;11;0
portugos;14/11/2023;17.6;13.5;0;12;0
portugos;15/11/2023;18.4;13.6;0;13;0
portugos;16/11/2023;16.8;10.7;0;14;0
portugos;17/11/2023;17.2;13.4;0;15;0
portugos;18/11/2023;15.5;12.9;0;16;0
portugos;19/11/2023;15.3;13.2;0;17;0
portugos;20/11/2023;15.2;12.1;0;18;0
portugos;21/11/2023;11.7;12.8;0;19;0
portugos;22/11/2023;8.4;13.1;0;20;0
portugos;23/11/2023;8.2;12.9;0;21;0
portugos;24/11/2023;9.1;13;0;22;0
portugos;25/11/2023;13.1;13;0;23;0
portugos;26/11/2023;11.1;12.4;0;24;0
portugos;27/11/2023;10;12.3;0;25;0
portugos;28/11/2023;11.5;11.1;0;26;0
portugos;29/11/2023;12;11.6;0;27;0
portugos;30/11/2023;14.1;10.3;0.2;0;0
portugos;01/12/2023;9.8;3.6;3.8;0;0.2
portugos;02/12/2023;5.7;11.8;0;1;4
portugos;03/12/2023;6.1;11.9;0;2;4
portugos;04/12/2023;7.9;3.9;1;0;4
portugos;05/12/2023;7.6;4.4;3;0;5
portugos;06/12/2023;8.4;1.7;8.2;0;8
portugos;07/12/2023;10.2;8.3;0;1;16.2
portugos;08/12/2023;11.1;9.1;1.2;0;16
portugos;09/12/2023;9.8;10.8;0;1;13.4
portugos;10/12/2023;14;11.5;0;2;13.4
portugos;11/12/2023;18;11;0;3;13.4
portugos;12/12/2023;18.1;11.1;0;4;12.4
portugos;13/12/2023;10.9;5.9;0;5;9.4
portugos;14/12/2023;6.4;11.5;0;6;1.2
portugos;15/12/2023;7.1;11.5;0;7;1.2
portugos;16/12/2023;7.3;11.6;0;8;0
portugos;17/12/2023;6.3;11.3;0;9;0
portugos;18/12/2023;5.8;11.2;0;10;0
portugos;19/12/2023;6.3;11.4;0.2;0;0
portugos;20/12/2023;7.3;10.3;0;1;0.2
portugos;21/12/2023;6.7;11.3;0;2;0.2
portugos;22/12/2023;10.1;11.5;0;3;0.2
portugos;23/12/2023;10.4;11.5;0;4;0.2
portugos;24/12/2023;9.2;11.6;0;5;0.2
portugos;25/12/2023;9.1;11.8;0;6;0.2
portugos;26/12/2023;9.9;11.4;0;7;0.2
portugos;27/12/2023;8.3;11.5;0;8;0
portugos;28/12/2023;11.1;8;0;9;0
portugos;29/12/2023;11;4.8;0;10;0
portugos;30/12/2023;10.7;11.1;0;11;0
portugos;31/12/2023;8.6;9.3;0;12;0
portugos;01/01/2024;8.5;10.1;0;13;0
portugos;02/01/2024;10.4;11.6;0;14;0
portugos;03/01/2024;11.8;11.5;0;15;0
portugos;04/01/2024;10.2;3.7;7;0;0
portugos;05/01/2024;6.3;9.7;0.2;0;7
portugos;06/01/2024;4.9;12;0;1;7.2
portugos;07/01/2024;5;12.3;0;2;7.2
portugos;08/01/2024;6.3;11.3;0;3;7.2
portugos;09/01/2024;6.4;4.6;9.2;0;7.2
portugos;10/01/2024;7.3;9.3;0.2;0;16.4
portugos;11/01/2024;6.2;8.7;0.2;0;16.6
portugos;12/01/2024;6.2;9.6;0;1;9.8
portugos;13/01/2024;8.8;9.3;0.2;0;9.6
portugos;14/01/2024;15.2;11.9;0;1;9.8
portugos;15/01/2024;15;10;0;2;9.8
portugos;16/01/2024;13.2;8;1;0;9.8
portugos;17/01/2024;11.1;5.2;9.4;0;1.6
portugos;18/01/2024;11.7;10.9;0;1;10.8
portugos;19/01/2024;10.1;1.9;18.8;0;10.6
portugos;20/01/2024;6.9;6.6;0;1;29.4
portugos;21/01/2024;7.1;6;0;2;29.2
portugos;22/01/2024;7.8;13.1;0;3;29.2
portugos;23/01/2024;13.4;12.9;0;4;29.2
portugos;24/01/2024;14.3;13.3;0;5;28.2
portugos;25/01/2024;17;13.3;0;6;18.8
portugos;26/01/2024;17.4;13.8;0;7;18.8
portugos;27/01/2024;15.5;14;0;8;0
portugos;28/01/2024;14.1;13.3;0;9;0
portugos;29/01/2024;9.8;11;0;10;0
portugos;30/01/2024;9;12.3;0;11;0
portugos;31/01/2024;7.8;13.4;0;12;0
portugos;01/02/2024;7.7;11.2;0;13;0
portugos;02/02/2024;10.9;14.2;0;14;0
portugos;03/02/2024;8.7;14.3;0;15;0
portugos;04/02/2024;10.1;15.1;0;16;0
portugos;05/02/2024;12.5;13.6;0;17;0
portugos;06/02/2024;11.5;13.6;0;18;0
portugos;07/02/2024;10.1;12.8;0;19;0
portugos;08/02/2024;10.9;10.5;0.6;0;0
portugos;09/02/2024;7.8;2;28.2;0;0.6
portugos;10/02/2024;8.6;15.2;0.4;0;28.8
portugos;11/02/2024;8.2;14;2.2;0;29.2
portugos;12/02/2024;13.6;15.5;2;0;31.4
portugos;13/02/2024;13.8;16.1;0;1;33.4
portugos;14/02/2024;15.8;12.6;0;2;33.4
portugos;15/02/2024;13.1;7.1;2;0;33.4
portugos;16/02/2024;9.3;10.8;0;1;34.8
portugos;17/02/2024;9.1;15.7;0.2;0;6.6
portugos;18/02/2024;9.6;16.6;0;1;6.4
portugos;19/02/2024;12.1;17.7;0;2;4.2
portugos;20/02/2024;12.7;18.1;0;3;2.2
portugos;21/02/2024;13.9;18.2;0;4;2.2
portugos;22/02/2024;13.2;12.2;0;5;2.2
portugos;23/02/2024;8.8;17.4;0;6;0.2
portugos;24/02/2024;7.5;19.5;0;7;0.2
portugos;25/02/2024;9.2;17.8;0;8;0
portugos;26/02/2024;7.9;13.4;3.4;0;0
portugos;27/02/2024;6.2;15.7;0;1;3.4
portugos;28/02/2024;7.3;19.6;0;2;3.4
portugos;29/02/2024;9;19.9;0;3;3.4
portugos;01/03/2024;8.2;19.7;0;4;3.4
